1,No. of neurons,epochs,goal,min_grad,max_fail,mu,sigma,lambda,train,test,vali,MSE,R
1,8,1000,0,1.00E-06,4,0.005,5.00E-05,5.00E-07,0.5,0.25,0.25,3.9903,0.90796
2,8,1000,0,1.00E-06,4,0.005,5.00E-05,5.00E-07,0.6,0.2,0.2,3.9879,0.89956
3,8,1000,0,1.00E-06,4,0.005,5.00E-05,5.00E-07,0.7,0.15,0.15,3.5447,0.91322
4,8,1000,0,1.00E-06,4,0.005,5.00E-05,5.00E-07,0.8,0.1,0.1,4.2826,0.90355
5,8,1000,0,1.00E-06,5,0.005,5.00E-05,5.00E-07,0.5,0.25,0.25,4.7706,0.89156
6,8,1000,0,1.00E-06,5,0.005,5.00E-05,5.00E-07,0.6,0.2,0.2,3.7195,0.90908
7,8,1000,0,1.00E-06,5,0.005,5.00E-05,5.00E-07,0.7,0.15,0.15,3.9631,0.90111
8,8,1000,0,1.00E-06,5,0.005,5.00E-05,5.00E-07,0.8,0.1,0.1,4.5123,0.90259
9,8,1000,0,1.00E-06,6,0.005,5.00E-05,5.00E-07,0.5,0.25,0.25,3.531,0.90813
10,8,1000,0,1.00E-06,6,0.005,5.00E-05,5.00E-07,0.6,0.2,0.2,3.8463,0.91455
11,8,1000,0,1.00E-06,6,0.005,5.00E-05,5.00E-07,0.7,0.15,0.15,4.1414,0.90629
12,8,1000,0,1.00E-06,6,0.005,5.00E-05,5.00E-07,0.8,0.1,0.1,4.8534,0.89041
13,8,1000,0,1.00E-06,7,0.005,5.00E-05,5.00E-07,0.5,0.25,0.25,4.5128,0.90585
14,8,1000,0,1.00E-06,7,0.005,5.00E-05,5.00E-07,0.6,0.2,0.2,3.506,0.90039
15,8,1000,0,1.00E-06,7,0.005,5.00E-05,5.00E-07,0.7,0.15,0.15,3.9347,0.91271
16,8,1000,0,1.00E-06,7,0.005,5.00E-05,5.00E-07,0.8,0.1,0.1,3.8739,0.91114
17,8,1000,0,1.00E-06,8,0.005,5.00E-05,5.00E-07,0.5,0.25,0.25,4.2687,0.89528
18,8,1000,0,1.00E-06,8,0.005,5.00E-05,5.00E-07,0.6,0.2,0.2,4.7452,0.9037
19,8,1000,0,1.00E-06,8,0.005,5.00E-05,5.00E-07,0.7,0.15,0.15,3.9049,0.90829
20,8,1000,0,1.00E-06,8,0.005,5.00E-05,5.00E-07,0.8,0.1,0.1,5.1718,0.88579
21,8,1000,0,1.00E-06,9,0.005,5.00E-05,5.00E-07,0.5,0.25,0.25,4.0715,0.90262
22,8,1000,0,1.00E-06,9,0.005,5.00E-05,5.00E-07,0.6,0.2,0.2,3.7319,0.91174
23,8,1000,0,1.00E-06,9,0.005,5.00E-05,5.00E-07,0.7,0.15,0.15,3.7673,0.90973
24,8,1000,0,1.00E-06,9,0.005,5.00E-05,5.00E-07,0.8,0.1,0.1,3.8323,0.90643
25,8,1000,0,1.00E-06,10,0.005,5.00E-05,5.00E-07,0.5,0.25,0.25,3.9999,0.90506
26,8,1000,0,1.00E-06,10,0.005,5.00E-05,5.00E-07,0.6,0.2,0.2,4.9577,0.89131
27,8,1000,0,1.00E-06,10,0.005,5.00E-05,5.00E-07,0.7,0.15,0.15,4.061,0.90951
28,8,1000,0,1.00E-06,10,0.005,5.00E-05,5.00E-07,0.8,0.1,0.1,4.1069,0.90366
29,9,1000,0,1.00E-06,4,0.005,5.00E-05,5.00E-07,0.5,0.25,0.25,3.7893,0.90618
30,9,1000,0,1.00E-06,4,0.005,5.00E-05,5.00E-07,0.6,0.2,0.2,4.3986,0.90496
31,9,1000,0,1.00E-06,4,0.005,5.00E-05,5.00E-07,0.7,0.15,0.15,4.7071,0.90879
32,9,1000,0,1.00E-06,4,0.005,5.00E-05,5.00E-07,0.8,0.1,0.1,3.5764,0.90257
33,9,1000,0,1.00E-06,5,0.005,5.00E-05,5.00E-07,0.5,0.25,0.25,4.1025,0.8991
34,9,1000,0,1.00E-06,5,0.005,5.00E-05,5.00E-07,0.6,0.2,0.2,4.1431,0.90141
35,9,1000,0,1.00E-06,5,0.005,5.00E-05,5.00E-07,0.7,0.15,0.15,3.7458,0.90389
36,9,1000,0,1.00E-06,5,0.005,5.00E-05,5.00E-07,0.8,0.1,0.1,3.7139,0.91037
37,9,1000,0,1.00E-06,6,0.005,5.00E-05,5.00E-07,0.5,0.25,0.25,4.0514,0.90582
38,9,1000,0,1.00E-06,6,0.005,5.00E-05,5.00E-07,0.6,0.2,0.2,4.2502,0.90674
39,9,1000,0,1.00E-06,6,0.005,5.00E-05,5.00E-07,0.7,0.15,0.15,3.9781,0.91363
40,9,1000,0,1.00E-06,6,0.005,5.00E-05,5.00E-07,0.8,0.1,0.1,3.1895,0.91429
41,9,1000,0,1.00E-06,7,0.005,5.00E-05,5.00E-07,0.5,0.25,0.25,4.1494,0.903
42,9,1000,0,1.00E-06,7,0.005,5.00E-05,5.00E-07,0.6,0.2,0.2,4.1061,0.90956
43,9,1000,0,1.00E-06,7,0.005,5.00E-05,5.00E-07,0.7,0.15,0.15,3.899,0.89554
44,9,1000,0,1.00E-06,7,0.005,5.00E-05,5.00E-07,0.8,0.1,0.1,4.2665,0.91475
45,9,1000,0,1.00E-06,8,0.005,5.00E-05,5.00E-07,0.5,0.25,0.25,4.3645,0.90595
46,9,1000,0,1.00E-06,8,0.005,5.00E-05,5.00E-07,0.6,0.2,0.2,3.9193,0.89493
47,9,1000,0,1.00E-06,8,0.005,5.00E-05,5.00E-07,0.7,0.15,0.15,3.5919,0.9074
48,9,1000,0,1.00E-06,8,0.005,5.00E-05,5.00E-07,0.8,0.1,0.1,3.5955,0.90582
49,9,1000,0,1.00E-06,9,0.005,5.00E-05,5.00E-07,0.5,0.25,0.25,3.6247,0.90127
50,9,1000,0,1.00E-06,9,0.005,5.00E-05,5.00E-07,0.6,0.2,0.2,3.8603,0.9101
51,9,1000,0,1.00E-06,9,0.005,5.00E-05,5.00E-07,0.7,0.15,0.15,3.831,0.90847
52,9,1000,0,1.00E-06,9,0.005,5.00E-05,5.00E-07,0.8,0.1,0.1,3.9441,0.90272
53,9,1000,0,1.00E-06,10,0.005,5.00E-05,5.00E-07,0.5,0.25,0.25,3.839,0.91134
54,9,1000,0,1.00E-06,10,0.005,5.00E-05,5.00E-07,0.6,0.2,0.2,3.8869,0.9
55,9,1000,0,1.00E-06,10,0.005,5.00E-05,5.00E-07,0.7,0.15,0.15,3.7435,0.90515
56,9,1000,0,1.00E-06,10,0.005,5.00E-05,5.00E-07,0.8,0.1,0.1,4.0685,0.91098
57,10,1000,0,1.00E-06,4,0.005,5.00E-05,5.00E-07,0.5,0.25,0.25,3.7434,0.91047
58,10,1000,0,1.00E-06,4,0.005,5.00E-05,5.00E-07,0.6,0.2,0.2,4.1836,0.91097
59,10,1000,0,1.00E-06,4,0.005,5.00E-05,5.00E-07,0.7,0.15,0.15,3.6284,0.90578
60,10,1000,0,1.00E-06,4,0.005,5.00E-05,5.00E-07,0.8,0.1,0.1,3.7735,0.90696
61,10,1000,0,1.00E-06,5,0.005,5.00E-05,5.00E-07,0.5,0.25,0.25,3.8232,0.89017
62,10,1000,0,1.00E-06,5,0.005,5.00E-05,5.00E-07,0.6,0.2,0.2,4.197,0.91148
63,10,1000,0,1.00E-06,5,0.005,5.00E-05,5.00E-07,0.7,0.15,0.15,3.9829,0.90972
64,10,1000,0,1.00E-06,5,0.005,5.00E-05,5.00E-07,0.8,0.1,0.1,4.3846,0.90512
65,10,1000,0,1.00E-06,6,0.005,5.00E-05,5.00E-07,0.5,0.25,0.25,3.9437,0.89752
66,10,1000,0,1.00E-06,6,0.005,5.00E-05,5.00E-07,0.6,0.2,0.2,3.7199,0.90923
67,10,1000,0,1.00E-06,6,0.005,5.00E-05,5.00E-07,0.7,0.15,0.15,3.8141,0.91691
68,10,1000,0,1.00E-06,6,0.005,5.00E-05,5.00E-07,0.8,0.1,0.1,3.1146,0.90793
69,10,1000,0,1.00E-06,7,0.005,5.00E-05,5.00E-07,0.5,0.25,0.25,4.1739,0.90294
70,10,1000,0,1.00E-06,7,0.005,5.00E-05,5.00E-07,0.6,0.2,0.2,3.7619,0.90407
71,10,1000,0,1.00E-06,7,0.005,5.00E-05,5.00E-07,0.7,0.15,0.15,3.7428,0.91168
72,10,1000,0,1.00E-06,7,0.005,5.00E-05,5.00E-07,0.8,0.1,0.1,3.4001,0.90643
73,10,1000,0,1.00E-06,8,0.005,5.00E-05,5.00E-07,0.5,0.25,0.25,3.9552,0.90575
74,10,1000,0,1.00E-06,8,0.005,5.00E-05,5.00E-07,0.6,0.2,0.2,4.0543,0.91904
75,10,1000,0,1.00E-06,8,0.005,5.00E-05,5.00E-07,0.7,0.15,0.15,3.5147,0.90858
76,10,1000,0,1.00E-06,8,0.005,5.00E-05,5.00E-07,0.8,0.1,0.1,3.5951,0.91066
77,10,1000,0,1.00E-06,9,0.005,5.00E-05,5.00E-07,0.5,0.25,0.25,4.3489,0.91235
78,10,1000,0,1.00E-06,9,0.005,5.00E-05,5.00E-07,0.6,0.2,0.2,3.6454,0.90802
79,10,1000,0,1.00E-06,9,0.005,5.00E-05,5.00E-07,0.7,0.15,0.15,4.1574,0.89865
80,10,1000,0,1.00E-06,9,0.005,5.00E-05,5.00E-07,0.8,0.1,0.1,4.0537,0.91436
81,10,1000,0,1.00E-06,10,0.005,5.00E-05,5.00E-07,0.5,0.25,0.25,4.4397,0.90688
82,10,1000,0,1.00E-06,10,0.005,5.00E-05,5.00E-07,0.6,0.2,0.2,3.9985,0.90643
83,10,1000,0,1.00E-06,10,0.005,5.00E-05,5.00E-07,0.7,0.15,0.15,3.8097,0.90451
84,10,1000,0,1.00E-06,10,0.005,5.00E-05,5.00E-07,0.8,0.1,0.1,4.0373,0.90964
85,11,1000,0,1.00E-06,4,0.005,5.00E-05,5.00E-07,0.5,0.25,0.25,4.0111,0.91352
86,11,1000,0,1.00E-06,4,0.005,5.00E-05,5.00E-07,0.6,0.2,0.2,4.5288,0.90973
87,11,1000,0,1.00E-06,4,0.005,5.00E-05,5.00E-07,0.7,0.15,0.15,4.8304,0.90789
88,11,1000,0,1.00E-06,4,0.005,5.00E-05,5.00E-07,0.8,0.1,0.1,3.3935,0.90613
89,11,1000,0,1.00E-06,5,0.005,5.00E-05,5.00E-07,0.5,0.25,0.25,3.7378,0.91091
90,11,1000,0,1.00E-06,5,0.005,5.00E-05,5.00E-07,0.6,0.2,0.2,4.1614,0.90827
91,11,1000,0,1.00E-06,5,0.005,5.00E-05,5.00E-07,0.7,0.15,0.15,3.6948,0.90502
92,11,1000,0,1.00E-06,5,0.005,5.00E-05,5.00E-07,0.8,0.1,0.1,3.6729,0.9021
93,11,1000,0,1.00E-06,6,0.005,5.00E-05,5.00E-07,0.5,0.25,0.25,3.6148,0.9038
94,11,1000,0,1.00E-06,6,0.005,5.00E-05,5.00E-07,0.6,0.2,0.2,3.8509,0.90445
95,11,1000,0,1.00E-06,6,0.005,5.00E-05,5.00E-07,0.7,0.15,0.15,4.2336,0.90382
96,11,1000,0,1.00E-06,6,0.005,5.00E-05,5.00E-07,0.8,0.1,0.1,4.0765,0.89998
97,11,1000,0,1.00E-06,7,0.005,5.00E-05,5.00E-07,0.5,0.25,0.25,3.9921,0.91061
98,11,1000,0,1.00E-06,7,0.005,5.00E-05,5.00E-07,0.6,0.2,0.2,3.8603,0.90295
99,11,1000,0,1.00E-06,7,0.005,5.00E-05,5.00E-07,0.7,0.15,0.15,3.7986,0.90493
100,11,1000,0,1.00E-06,7,0.005,5.00E-05,5.00E-07,0.8,0.1,0.1,3.7793,0.90869
101,11,1000,0,1.00E-06,8,0.005,5.00E-05,5.00E-07,0.5,0.25,0.25,3.9988,0.91278
102,11,1000,0,1.00E-06,8,0.005,5.00E-05,5.00E-07,0.6,0.2,0.2,4.0866,0.91105
103,11,1000,0,1.00E-06,8,0.005,5.00E-05,5.00E-07,0.7,0.15,0.15,3.722,0.90516
104,11,1000,0,1.00E-06,8,0.005,5.00E-05,5.00E-07,0.8,0.1,0.1,3.4078,0.90769
105,11,1000,0,1.00E-06,9,0.005,5.00E-05,5.00E-07,0.5,0.25,0.25,3.8127,0.91057
106,11,1000,0,1.00E-06,9,0.005,5.00E-05,5.00E-07,0.6,0.2,0.2,3.5046,0.90019
107,11,1000,0,1.00E-06,9,0.005,5.00E-05,5.00E-07,0.7,0.15,0.15,6.3207,0.9026
108,11,1000,0,1.00E-06,9,0.005,5.00E-05,5.00E-07,0.8,0.1,0.1,3.3959,0.90518
109,11,1000,0,1.00E-06,10,0.005,5.00E-05,5.00E-07,0.5,0.25,0.25,4.043,0.90994
110,11,1000,0,1.00E-06,10,0.005,5.00E-05,5.00E-07,0.6,0.2,0.2,3.8985,0.91058
111,11,1000,0,1.00E-06,10,0.005,5.00E-05,5.00E-07,0.7,0.15,0.15,3.8345,0.90751
112,11,1000,0,1.00E-06,10,0.005,5.00E-05,5.00E-07,0.8,0.1,0.1,4.1389,0.90434
113,12,1000,0,1.00E-06,4,0.005,5.00E-05,5.00E-07,0.5,0.25,0.25,4.2629,0.90805
114,12,1000,0,1.00E-06,4,0.005,5.00E-05,5.00E-07,0.6,0.2,0.2,3.9459,0.90636
115,12,1000,0,1.00E-06,4,0.005,5.00E-05,5.00E-07,0.7,0.15,0.15,3.7968,0.91117
116,12,1000,0,1.00E-06,4,0.005,5.00E-05,5.00E-07,0.8,0.1,0.1,3.8845,0.90643
117,12,1000,0,1.00E-06,5,0.005,5.00E-05,5.00E-07,0.5,0.25,0.25,3.6728,0.90661
118,12,1000,0,1.00E-06,5,0.005,5.00E-05,5.00E-07,0.6,0.2,0.2,3.9356,0.90671
119,12,1000,0,1.00E-06,5,0.005,5.00E-05,5.00E-07,0.7,0.15,0.15,3.8557,0.90743
120,12,1000,0,1.00E-06,5,0.005,5.00E-05,5.00E-07,0.8,0.1,0.1,3.7674,0.89966
121,12,1000,0,1.00E-06,6,0.005,5.00E-05,5.00E-07,0.5,0.25,0.25,4.7486,0.9019
122,12,1000,0,1.00E-06,6,0.005,5.00E-05,5.00E-07,0.6,0.2,0.2,3.5401,0.89518
123,12,1000,0,1.00E-06,6,0.005,5.00E-05,5.00E-07,0.7,0.15,0.15,3.7804,0.90744
124,12,1000,0,1.00E-06,6,0.005,5.00E-05,5.00E-07,0.8,0.1,0.1,4.028,0.91082
125,12,1000,0,1.00E-06,7,0.005,5.00E-05,5.00E-07,0.5,0.25,0.25,3.9083,0.91095
126,12,1000,0,1.00E-06,7,0.005,5.00E-05,5.00E-07,0.6,0.2,0.2,3.4391,0.90279
127,12,1000,0,1.00E-06,7,0.005,5.00E-05,5.00E-07,0.7,0.15,0.15,4.1204,0.90985
128,12,1000,0,1.00E-06,7,0.005,5.00E-05,5.00E-07,0.8,0.1,0.1,4.402,0.908
129,12,1000,0,1.00E-06,8,0.005,5.00E-05,5.00E-07,0.5,0.25,0.25,3.6983,0.89746
130,12,1000,0,1.00E-06,8,0.005,5.00E-05,5.00E-07,0.6,0.2,0.2,3.7493,0.91115
131,12,1000,0,1.00E-06,8,0.005,5.00E-05,5.00E-07,0.7,0.15,0.15,4.2881,0.9044
132,12,1000,0,1.00E-06,8,0.005,5.00E-05,5.00E-07,0.8,0.1,0.1,3.805,0.91084
133,12,1000,0,1.00E-06,9,0.005,5.00E-05,5.00E-07,0.5,0.25,0.25,4.3225,0.90459
134,12,1000,0,1.00E-06,9,0.005,5.00E-05,5.00E-07,0.6,0.2,0.2,4.1474,0.90003
135,12,1000,0,1.00E-06,9,0.005,5.00E-05,5.00E-07,0.7,0.15,0.15,3.868,0.90463
136,12,1000,0,1.00E-06,9,0.005,5.00E-05,5.00E-07,0.8,0.1,0.1,3.6864,0.91012
137,12,1000,0,1.00E-06,10,0.005,5.00E-05,5.00E-07,0.5,0.25,0.25,4.5661,0.90897
138,12,1000,0,1.00E-06,10,0.005,5.00E-05,5.00E-07,0.6,0.2,0.2,4.2304,0.9095
139,12,1000,0,1.00E-06,10,0.005,5.00E-05,5.00E-07,0.7,0.15,0.15,3.5573,0.91482
140,12,1000,0,1.00E-06,10,0.005,5.00E-05,5.00E-07,0.8,0.1,0.1,3.9281,0.90791
141,13,1000,0,1.00E-06,4,0.005,5.00E-05,5.00E-07,0.5,0.25,0.25,3.9136,0.90892
142,13,1000,0,1.00E-06,4,0.005,5.00E-05,5.00E-07,0.6,0.2,0.2,3.6903,0.90913
143,13,1000,0,1.00E-06,4,0.005,5.00E-05,5.00E-07,0.7,0.15,0.15,3.9179,0.91262
144,13,1000,0,1.00E-06,4,0.005,5.00E-05,5.00E-07,0.8,0.1,0.1,3.9572,0.90954
145,13,1000,0,1.00E-06,5,0.005,5.00E-05,5.00E-07,0.5,0.25,0.25,5.8641,0.91236
146,13,1000,0,1.00E-06,5,0.005,5.00E-05,5.00E-07,0.6,0.2,0.2,3.8843,0.91373
147,13,1000,0,1.00E-06,5,0.005,5.00E-05,5.00E-07,0.7,0.15,0.15,3.4419,0.90291
148,13,1000,0,1.00E-06,5,0.005,5.00E-05,5.00E-07,0.8,0.1,0.1,4.0287,0.91438
149,13,1000,0,1.00E-06,6,0.005,5.00E-05,5.00E-07,0.5,0.25,0.25,4.911,0.90384
150,13,1000,0,1.00E-06,6,0.005,5.00E-05,5.00E-07,0.6,0.2,0.2,3.8364,0.91034
151,13,1000,0,1.00E-06,6,0.005,5.00E-05,5.00E-07,0.7,0.15,0.15,3.3358,0.90939
152,13,1000,0,1.00E-06,6,0.005,5.00E-05,5.00E-07,0.8,0.1,0.1,3.7277,0.90966
153,13,1000,0,1.00E-06,7,0.005,5.00E-05,5.00E-07,0.5,0.25,0.25,5.0056,0.90239
154,13,1000,0,1.00E-06,7,0.005,5.00E-05,5.00E-07,0.6,0.2,0.2,3.9512,0.91496
155,13,1000,0,1.00E-06,7,0.005,5.00E-05,5.00E-07,0.7,0.15,0.15,3.7385,0.8973
156,13,1000,0,1.00E-06,7,0.005,5.00E-05,5.00E-07,0.8,0.1,0.1,4.0251,0.91269
157,13,1000,0,1.00E-06,8,0.005,5.00E-05,5.00E-07,0.5,0.25,0.25,3.3388,0.90442
158,13,1000,0,1.00E-06,8,0.005,5.00E-05,5.00E-07,0.6,0.2,0.2,3.8436,0.90735
159,13,1000,0,1.00E-06,8,0.005,5.00E-05,5.00E-07,0.7,0.15,0.15,3.6807,0.90851
160,13,1000,0,1.00E-06,8,0.005,5.00E-05,5.00E-07,0.8,0.1,0.1,4.2471,0.90706
161,13,1000,0,1.00E-06,9,0.005,5.00E-05,5.00E-07,0.5,0.25,0.25,3.8898,0.90259
162,13,1000,0,1.00E-06,9,0.005,5.00E-05,5.00E-07,0.6,0.2,0.2,3.9577,0.91467
163,13,1000,0,1.00E-06,9,0.005,5.00E-05,5.00E-07,0.7,0.15,0.15,3.4205,0.90685
164,13,1000,0,1.00E-06,9,0.005,5.00E-05,5.00E-07,0.8,0.1,0.1,3.8023,0.91141
165,13,1000,0,1.00E-06,10,0.005,5.00E-05,5.00E-07,0.5,0.25,0.25,3.707,0.90184
166,13,1000,0,1.00E-06,10,0.005,5.00E-05,5.00E-07,0.6,0.2,0.2,3.7408,0.91156
167,13,1000,0,1.00E-06,10,0.005,5.00E-05,5.00E-07,0.7,0.15,0.15,3.2881,0.90986
168,13,1000,0,1.00E-06,10,0.005,5.00E-05,5.00E-07,0.8,0.1,0.1,4.052,0.91322
169,14,1000,0,1.00E-06,4,0.005,5.00E-05,5.00E-07,0.5,0.25,0.25,3.6851,0.89896
170,14,1000,0,1.00E-06,4,0.005,5.00E-05,5.00E-07,0.6,0.2,0.2,3.9243,0.91242
171,14,1000,0,1.00E-06,4,0.005,5.00E-05,5.00E-07,0.7,0.15,0.15,3.8301,0.90033
172,14,1000,0,1.00E-06,4,0.005,5.00E-05,5.00E-07,0.8,0.1,0.1,4.0055,0.91119
173,14,1000,0,1.00E-06,5,0.005,5.00E-05,5.00E-07,0.5,0.25,0.25,3.4009,0.90572
174,14,1000,0,1.00E-06,5,0.005,5.00E-05,5.00E-07,0.6,0.2,0.2,4.2789,0.91081
175,14,1000,0,1.00E-06,5,0.005,5.00E-05,5.00E-07,0.7,0.15,0.15,3.9814,0.90184
176,14,1000,0,1.00E-06,5,0.005,5.00E-05,5.00E-07,0.8,0.1,0.1,3.7277,0.90932
177,14,1000,0,1.00E-06,6,0.005,5.00E-05,5.00E-07,0.5,0.25,0.25,3.6465,0.91106
178,14,1000,0,1.00E-06,6,0.005,5.00E-05,5.00E-07,0.6,0.2,0.2,3.9064,0.90602
179,14,1000,0,1.00E-06,6,0.005,5.00E-05,5.00E-07,0.7,0.15,0.15,3.8191,0.90753
180,14,1000,0,1.00E-06,6,0.005,5.00E-05,5.00E-07,0.8,0.1,0.1,3.834,0.89667
181,14,1000,0,1.00E-06,7,0.005,5.00E-05,5.00E-07,0.5,0.25,0.25,4.5608,0.90204
182,14,1000,0,1.00E-06,7,0.005,5.00E-05,5.00E-07,0.6,0.2,0.2,3.8158,0.91076
183,14,1000,0,1.00E-06,7,0.005,5.00E-05,5.00E-07,0.7,0.15,0.15,3.8672,0.90495
184,14,1000,0,1.00E-06,7,0.005,5.00E-05,5.00E-07,0.8,0.1,0.1,3.4403,0.90343
185,14,1000,0,1.00E-06,8,0.005,5.00E-05,5.00E-07,0.5,0.25,0.25,3.4667,0.90351
186,14,1000,0,1.00E-06,8,0.005,5.00E-05,5.00E-07,0.6,0.2,0.2,3.8552,0.91066
187,14,1000,0,1.00E-06,8,0.005,5.00E-05,5.00E-07,0.7,0.15,0.15,3.7114,0.89313
188,14,1000,0,1.00E-06,8,0.005,5.00E-05,5.00E-07,0.8,0.1,0.1,4.3476,0.90792
189,14,1000,0,1.00E-06,9,0.005,5.00E-05,5.00E-07,0.5,0.25,0.25,4.5031,0.91458
190,14,1000,0,1.00E-06,9,0.005,5.00E-05,5.00E-07,0.6,0.2,0.2,4.1907,0.90203
191,14,1000,0,1.00E-06,9,0.005,5.00E-05,5.00E-07,0.7,0.15,0.15,3.8516,0.91612
192,14,1000,0,1.00E-06,9,0.005,5.00E-05,5.00E-07,0.8,0.1,0.1,3.9908,0.89992
193,14,1000,0,1.00E-06,10,0.005,5.00E-05,5.00E-07,0.5,0.25,0.25,3.7898,0.91149
194,14,1000,0,1.00E-06,10,0.005,5.00E-05,5.00E-07,0.6,0.2,0.2,3.5241,0.90914
195,14,1000,0,1.00E-06,10,0.005,5.00E-05,5.00E-07,0.7,0.15,0.15,3.9953,0.90967
196,14,1000,0,1.00E-06,10,0.005,5.00E-05,5.00E-07,0.8,0.1,0.1,3.0645,0.9092
197,15,1000,0,1.00E-06,4,0.005,5.00E-05,5.00E-07,0.5,0.25,0.25,3.7267,0.90875
198,15,1000,0,1.00E-06,4,0.005,5.00E-05,5.00E-07,0.6,0.2,0.2,4.5527,0.89632
199,15,1000,0,1.00E-06,4,0.005,5.00E-05,5.00E-07,0.7,0.15,0.15,4.0074,0.91708
200,15,1000,0,1.00E-06,4,0.005,5.00E-05,5.00E-07,0.8,0.1,0.1,3.5906,0.91107
201,15,1000,0,1.00E-06,5,0.005,5.00E-05,5.00E-07,0.5,0.25,0.25,4.0824,0.90278
202,15,1000,0,1.00E-06,5,0.005,5.00E-05,5.00E-07,0.6,0.2,0.2,6.0016,0.9171
203,15,1000,0,1.00E-06,5,0.005,5.00E-05,5.00E-07,0.7,0.15,0.15,4.0211,0.90588
204,15,1000,0,1.00E-06,5,0.005,5.00E-05,5.00E-07,0.8,0.1,0.1,3.8599,0.90806
205,15,1000,0,1.00E-06,6,0.005,5.00E-05,5.00E-07,0.5,0.25,0.25,4.047,0.89658
206,15,1000,0,1.00E-06,6,0.005,5.00E-05,5.00E-07,0.6,0.2,0.2,4.0687,0.91703
207,15,1000,0,1.00E-06,6,0.005,5.00E-05,5.00E-07,0.7,0.15,0.15,3.7292,0.90768
208,15,1000,0,1.00E-06,6,0.005,5.00E-05,5.00E-07,0.8,0.1,0.1,3.9031,0.90763
209,15,1000,0,1.00E-06,7,0.005,5.00E-05,5.00E-07,0.5,0.25,0.25,3.5026,0.91268
210,15,1000,0,1.00E-06,7,0.005,5.00E-05,5.00E-07,0.6,0.2,0.2,3.9883,0.9083
211,15,1000,0,1.00E-06,7,0.005,5.00E-05,5.00E-07,0.7,0.15,0.15,4.0438,0.90306
212,15,1000,0,1.00E-06,7,0.005,5.00E-05,5.00E-07,0.8,0.1,0.1,4.1895,0.9048
213,15,1000,0,1.00E-06,8,0.005,5.00E-05,5.00E-07,0.5,0.25,0.25,3.2678,0.90836
214,15,1000,0,1.00E-06,8,0.005,5.00E-05,5.00E-07,0.6,0.2,0.2,3.3014,0.90686
215,15,1000,0,1.00E-06,8,0.005,5.00E-05,5.00E-07,0.7,0.15,0.15,3.413,0.90681
216,15,1000,0,1.00E-06,8,0.005,5.00E-05,5.00E-07,0.8,0.1,0.1,3.9525,0.91143
217,15,1000,0,1.00E-06,9,0.005,5.00E-05,5.00E-07,0.5,0.25,0.25,2.302,0.91933
218,15,1000,0,1.00E-06,9,0.005,5.00E-05,5.00E-07,0.6,0.2,0.2,4.0271,0.90565
219,15,1000,0,1.00E-06,9,0.005,5.00E-05,5.00E-07,0.7,0.15,0.15,3.7813,0.91284
220,15,1000,0,1.00E-06,9,0.005,5.00E-05,5.00E-07,0.8,0.1,0.1,4.064,0.90824
221,15,1000,0,1.00E-06,10,0.005,5.00E-05,5.00E-07,0.5,0.25,0.25,3.7427,0.9022
222,15,1000,0,1.00E-06,10,0.005,5.00E-05,5.00E-07,0.6,0.2,0.2,4.4233,0.89719
223,15,1000,0,1.00E-06,10,0.005,5.00E-05,5.00E-07,0.7,0.15,0.15,3.7963,0.90797
224,15,1000,0,1.00E-06,10,0.005,5.00E-05,5.00E-07,0.8,0.1,0.1,3.9964,0.91046
225,16,1000,0,1.00E-06,4,0.005,5.00E-05,5.00E-07,0.5,0.25,0.25,3.4154,0.89656
226,16,1000,0,1.00E-06,4,0.005,5.00E-05,5.00E-07,0.6,0.2,0.2,4.6338,0.91166
227,16,1000,0,1.00E-06,4,0.005,5.00E-05,5.00E-07,0.7,0.15,0.15,4.4681,0.91323
228,16,1000,0,1.00E-06,4,0.005,5.00E-05,5.00E-07,0.8,0.1,0.1,4.1686,0.90045
229,16,1000,0,1.00E-06,5,0.005,5.00E-05,5.00E-07,0.5,0.25,0.25,3.8978,0.90356
230,16,1000,0,1.00E-06,5,0.005,5.00E-05,5.00E-07,0.6,0.2,0.2,4.3903,0.90246
231,16,1000,0,1.00E-06,5,0.005,5.00E-05,5.00E-07,0.7,0.15,0.15,3.8284,0.90741
232,16,1000,0,1.00E-06,5,0.005,5.00E-05,5.00E-07,0.8,0.1,0.1,4.2286,0.90747
233,16,1000,0,1.00E-06,6,0.005,5.00E-05,5.00E-07,0.5,0.25,0.25,4.6035,0.91054
234,16,1000,0,1.00E-06,6,0.005,5.00E-05,5.00E-07,0.6,0.2,0.2,4.4695,0.89962
235,16,1000,0,1.00E-06,6,0.005,5.00E-05,5.00E-07,0.7,0.15,0.15,3.527,0.90074
236,16,1000,0,1.00E-06,6,0.005,5.00E-05,5.00E-07,0.8,0.1,0.1,3.8876,0.90714
237,16,1000,0,1.00E-06,7,0.005,5.00E-05,5.00E-07,0.5,0.25,0.25,4.128,0.91028
238,16,1000,0,1.00E-06,7,0.005,5.00E-05,5.00E-07,0.6,0.2,0.2,2.8229,0.89621
239,16,1000,0,1.00E-06,7,0.005,5.00E-05,5.00E-07,0.7,0.15,0.15,3.8389,0.90833
240,16,1000,0,1.00E-06,7,0.005,5.00E-05,5.00E-07,0.8,0.1,0.1,4.0088,0.90727
241,16,1000,0,1.00E-06,8,0.005,5.00E-05,5.00E-07,0.5,0.25,0.25,3.6793,0.9169
242,16,1000,0,1.00E-06,8,0.005,5.00E-05,5.00E-07,0.6,0.2,0.2,4.2606,0.89932
243,16,1000,0,1.00E-06,8,0.005,5.00E-05,5.00E-07,0.7,0.15,0.15,4.3823,0.90849
244,16,1000,0,1.00E-06,8,0.005,5.00E-05,5.00E-07,0.8,0.1,0.1,4.5718,0.91579
245,16,1000,0,1.00E-06,9,0.005,5.00E-05,5.00E-07,0.5,0.25,0.25,3.5867,0.91187
246,16,1000,0,1.00E-06,9,0.005,5.00E-05,5.00E-07,0.6,0.2,0.2,3.8364,0.91649
247,16,1000,0,1.00E-06,9,0.005,5.00E-05,5.00E-07,0.7,0.15,0.15,4.1687,0.91191
248,16,1000,0,1.00E-06,9,0.005,5.00E-05,5.00E-07,0.8,0.1,0.1,3.7082,0.9087
249,16,1000,0,1.00E-06,10,0.005,5.00E-05,5.00E-07,0.5,0.25,0.25,3.5513,0.90075
250,16,1000,0,1.00E-06,10,0.005,5.00E-05,5.00E-07,0.6,0.2,0.2,6.2132,0.90999
251,16,1000,0,1.00E-06,10,0.005,5.00E-05,5.00E-07,0.7,0.15,0.15,4.0013,0.90169
252,16,1000,0,1.00E-06,10,0.005,5.00E-05,5.00E-07,0.8,0.1,0.1,3.9191,0.90785
253,17,1000,0,1.00E-06,4,0.005,5.00E-05,5.00E-07,0.5,0.25,0.25,3.6401,0.90668
254,17,1000,0,1.00E-06,4,0.005,5.00E-05,5.00E-07,0.6,0.2,0.2,3.5649,0.91193
255,17,1000,0,1.00E-06,4,0.005,5.00E-05,5.00E-07,0.7,0.15,0.15,4.0284,0.90718
256,17,1000,0,1.00E-06,4,0.005,5.00E-05,5.00E-07,0.8,0.1,0.1,4.5497,0.90685
257,17,1000,0,1.00E-06,5,0.005,5.00E-05,5.00E-07,0.5,0.25,0.25,3.4417,0.90701
258,17,1000,0,1.00E-06,5,0.005,5.00E-05,5.00E-07,0.6,0.2,0.2,5.0987,0.89631
259,17,1000,0,1.00E-06,5,0.005,5.00E-05,5.00E-07,0.7,0.15,0.15,4.6068,0.90148
260,17,1000,0,1.00E-06,5,0.005,5.00E-05,5.00E-07,0.8,0.1,0.1,4.015,0.90292
261,17,1000,0,1.00E-06,6,0.005,5.00E-05,5.00E-07,0.5,0.25,0.25,3.0647,0.90503
262,17,1000,0,1.00E-06,6,0.005,5.00E-05,5.00E-07,0.6,0.2,0.2,3.9881,0.90451
263,17,1000,0,1.00E-06,6,0.005,5.00E-05,5.00E-07,0.7,0.15,0.15,4.0686,0.9059
264,17,1000,0,1.00E-06,6,0.005,5.00E-05,5.00E-07,0.8,0.1,0.1,3.9248,0.91082
265,17,1000,0,1.00E-06,7,0.005,5.00E-05,5.00E-07,0.5,0.25,0.25,3.5962,0.90876
266,17,1000,0,1.00E-06,7,0.005,5.00E-05,5.00E-07,0.6,0.2,0.2,3.4733,0.90373
267,17,1000,0,1.00E-06,7,0.005,5.00E-05,5.00E-07,0.7,0.15,0.15,4.1184,0.90688
268,17,1000,0,1.00E-06,7,0.005,5.00E-05,5.00E-07,0.8,0.1,0.1,3.858,0.90564
269,17,1000,0,1.00E-06,8,0.005,5.00E-05,5.00E-07,0.5,0.25,0.25,4.3462,0.90766
270,17,1000,0,1.00E-06,8,0.005,5.00E-05,5.00E-07,0.6,0.2,0.2,4.2354,0.90863
271,17,1000,0,1.00E-06,8,0.005,5.00E-05,5.00E-07,0.7,0.15,0.15,3.6276,0.9085
272,17,1000,0,1.00E-06,8,0.005,5.00E-05,5.00E-07,0.8,0.1,0.1,3.8863,0.90949
273,17,1000,0,1.00E-06,9,0.005,5.00E-05,5.00E-07,0.5,0.25,0.25,4.0333,0.91215
274,17,1000,0,1.00E-06,9,0.005,5.00E-05,5.00E-07,0.6,0.2,0.2,4.0701,0.9067
275,17,1000,0,1.00E-06,9,0.005,5.00E-05,5.00E-07,0.7,0.15,0.15,4.3009,0.90446
276,17,1000,0,1.00E-06,9,0.005,5.00E-05,5.00E-07,0.8,0.1,0.1,3.7558,0.90915
277,17,1000,0,1.00E-06,10,0.005,5.00E-05,5.00E-07,0.5,0.25,0.25,3.4056,0.90915
278,17,1000,0,1.00E-06,10,0.005,5.00E-05,5.00E-07,0.6,0.2,0.2,4.0795,0.90423
279,17,1000,0,1.00E-06,10,0.005,5.00E-05,5.00E-07,0.7,0.15,0.15,4.1127,0.90494
280,17,1000,0,1.00E-06,10,0.005,5.00E-05,5.00E-07,0.8,0.1,0.1,3.2319,0.91249
281,18,1000,0,1.00E-06,4,0.005,5.00E-05,5.00E-07,0.5,0.25,0.25,4.0564,0.9101
282,18,1000,0,1.00E-06,4,0.005,5.00E-05,5.00E-07,0.6,0.2,0.2,3.6369,0.91163
283,18,1000,0,1.00E-06,4,0.005,5.00E-05,5.00E-07,0.7,0.15,0.15,3.678,0.89653
284,18,1000,0,1.00E-06,4,0.005,5.00E-05,5.00E-07,0.8,0.1,0.1,4.3285,0.90671
285,18,1000,0,1.00E-06,5,0.005,5.00E-05,5.00E-07,0.5,0.25,0.25,3.5038,0.90339
286,18,1000,0,1.00E-06,5,0.005,5.00E-05,5.00E-07,0.6,0.2,0.2,4.7487,0.91698
287,18,1000,0,1.00E-06,5,0.005,5.00E-05,5.00E-07,0.7,0.15,0.15,3.5948,0.90209
288,18,1000,0,1.00E-06,5,0.005,5.00E-05,5.00E-07,0.8,0.1,0.1,3.546,0.90755
289,18,1000,0,1.00E-06,6,0.005,5.00E-05,5.00E-07,0.5,0.25,0.25,3.9291,0.91305
290,18,1000,0,1.00E-06,6,0.005,5.00E-05,5.00E-07,0.6,0.2,0.2,3.493,0.91295
291,18,1000,0,1.00E-06,6,0.005,5.00E-05,5.00E-07,0.7,0.15,0.15,3.6929,0.9126
292,18,1000,0,1.00E-06,6,0.005,5.00E-05,5.00E-07,0.8,0.1,0.1,4.0408,0.90743
293,18,1000,0,1.00E-06,7,0.005,5.00E-05,5.00E-07,0.5,0.25,0.25,3.1488,0.90597
294,18,1000,0,1.00E-06,7,0.005,5.00E-05,5.00E-07,0.6,0.2,0.2,3.4682,0.91325
295,18,1000,0,1.00E-06,7,0.005,5.00E-05,5.00E-07,0.7,0.15,0.15,3.8656,0.9074
296,18,1000,0,1.00E-06,7,0.005,5.00E-05,5.00E-07,0.8,0.1,0.1,4.2764,0.90305
297,18,1000,0,1.00E-06,8,0.005,5.00E-05,5.00E-07,0.5,0.25,0.25,3.7813,0.90399
298,18,1000,0,1.00E-06,8,0.005,5.00E-05,5.00E-07,0.6,0.2,0.2,3.5082,0.89437
299,18,1000,0,1.00E-06,8,0.005,5.00E-05,5.00E-07,0.7,0.15,0.15,3.8092,0.90928
300,18,1000,0,1.00E-06,8,0.005,5.00E-05,5.00E-07,0.8,0.1,0.1,5.2732,0.90405
301,18,1000,0,1.00E-06,9,0.005,5.00E-05,5.00E-07,0.5,0.25,0.25,3.7992,0.90824
302,18,1000,0,1.00E-06,9,0.005,5.00E-05,5.00E-07,0.6,0.2,0.2,3.986,0.90488
303,18,1000,0,1.00E-06,9,0.005,5.00E-05,5.00E-07,0.7,0.15,0.15,4.1892,0.90499
304,18,1000,0,1.00E-06,9,0.005,5.00E-05,5.00E-07,0.8,0.1,0.1,3.9725,0.90685
305,18,1000,0,1.00E-06,10,0.005,5.00E-05,5.00E-07,0.5,0.25,0.25,3.9452,0.8977
306,18,1000,0,1.00E-06,10,0.005,5.00E-05,5.00E-07,0.6,0.2,0.2,3.7126,0.90655
307,18,1000,0,1.00E-06,10,0.005,5.00E-05,5.00E-07,0.7,0.15,0.15,3.7245,0.91411
308,18,1000,0,1.00E-06,10,0.005,5.00E-05,5.00E-07,0.8,0.1,0.1,4.0805,0.90648
309,19,1000,0,1.00E-06,4,0.005,5.00E-05,5.00E-07,0.5,0.25,0.25,2.9958,0.91223
310,19,1000,0,1.00E-06,4,0.005,5.00E-05,5.00E-07,0.6,0.2,0.2,3.8241,0.91384
311,19,1000,0,1.00E-06,4,0.005,5.00E-05,5.00E-07,0.7,0.15,0.15,3.272,0.89876
312,19,1000,0,1.00E-06,4,0.005,5.00E-05,5.00E-07,0.8,0.1,0.1,3.9231,0.90568
313,19,1000,0,1.00E-06,5,0.005,5.00E-05,5.00E-07,0.5,0.25,0.25,5.4127,0.86501
314,19,1000,0,1.00E-06,5,0.005,5.00E-05,5.00E-07,0.6,0.2,0.2,4.2293,0.90394
315,19,1000,0,1.00E-06,5,0.005,5.00E-05,5.00E-07,0.7,0.15,0.15,3.5686,0.91818
316,19,1000,0,1.00E-06,5,0.005,5.00E-05,5.00E-07,0.8,0.1,0.1,3.857,0.90941
317,19,1000,0,1.00E-06,6,0.005,5.00E-05,5.00E-07,0.5,0.25,0.25,4.1501,0.89733
318,19,1000,0,1.00E-06,6,0.005,5.00E-05,5.00E-07,0.6,0.2,0.2,4.0466,0.90839
319,19,1000,0,1.00E-06,6,0.005,5.00E-05,5.00E-07,0.7,0.15,0.15,3.4945,0.90807
320,19,1000,0,1.00E-06,6,0.005,5.00E-05,5.00E-07,0.8,0.1,0.1,3.9885,0.90006
321,19,1000,0,1.00E-06,7,0.005,5.00E-05,5.00E-07,0.5,0.25,0.25,3.6323,0.89941
322,19,1000,0,1.00E-06,7,0.005,5.00E-05,5.00E-07,0.6,0.2,0.2,3.8542,0.8969
323,19,1000,0,1.00E-06,7,0.005,5.00E-05,5.00E-07,0.7,0.15,0.15,4.1152,0.90685
324,19,1000,0,1.00E-06,7,0.005,5.00E-05,5.00E-07,0.8,0.1,0.1,4.0486,0.91259
325,19,1000,0,1.00E-06,8,0.005,5.00E-05,5.00E-07,0.5,0.25,0.25,4.5064,0.89926
326,19,1000,0,1.00E-06,8,0.005,5.00E-05,5.00E-07,0.6,0.2,0.2,3.985,0.91629
327,19,1000,0,1.00E-06,8,0.005,5.00E-05,5.00E-07,0.7,0.15,0.15,3.86,0.91469
328,19,1000,0,1.00E-06,8,0.005,5.00E-05,5.00E-07,0.8,0.1,0.1,3.859,0.90499
329,19,1000,0,1.00E-06,9,0.005,5.00E-05,5.00E-07,0.5,0.25,0.25,3.981,0.9003
330,19,1000,0,1.00E-06,9,0.005,5.00E-05,5.00E-07,0.6,0.2,0.2,4.1724,0.90549
331,19,1000,0,1.00E-06,9,0.005,5.00E-05,5.00E-07,0.7,0.15,0.15,4.6152,0.9128
332,19,1000,0,1.00E-06,9,0.005,5.00E-05,5.00E-07,0.8,0.1,0.1,4.1672,0.90449
333,19,1000,0,1.00E-06,10,0.005,5.00E-05,5.00E-07,0.5,0.25,0.25,4.0556,0.91432
334,19,1000,0,1.00E-06,10,0.005,5.00E-05,5.00E-07,0.6,0.2,0.2,4.6796,0.907
335,19,1000,0,1.00E-06,10,0.005,5.00E-05,5.00E-07,0.7,0.15,0.15,3.9763,0.90845
336,19,1000,0,1.00E-06,10,0.005,5.00E-05,5.00E-07,0.8,0.1,0.1,4.1037,0.90919
337,20,1000,0,1.00E-06,4,0.005,5.00E-05,5.00E-07,0.5,0.25,0.25,4.0656,0.90999
338,20,1000,0,1.00E-06,4,0.005,5.00E-05,5.00E-07,0.6,0.2,0.2,3.39,0.90564
339,20,1000,0,1.00E-06,4,0.005,5.00E-05,5.00E-07,0.7,0.15,0.15,3.4009,0.89455
340,20,1000,0,1.00E-06,4,0.005,5.00E-05,5.00E-07,0.8,0.1,0.1,3.5901,0.90931
341,20,1000,0,1.00E-06,5,0.005,5.00E-05,5.00E-07,0.5,0.25,0.25,5.0263,0.91295
342,20,1000,0,1.00E-06,5,0.005,5.00E-05,5.00E-07,0.6,0.2,0.2,4.0271,0.90824
343,20,1000,0,1.00E-06,5,0.005,5.00E-05,5.00E-07,0.7,0.15,0.15,3.3273,0.90798
344,20,1000,0,1.00E-06,5,0.005,5.00E-05,5.00E-07,0.8,0.1,0.1,3.6046,0.8966
345,20,1000,0,1.00E-06,6,0.005,5.00E-05,5.00E-07,0.5,0.25,0.25,3.697,0.90892
346,20,1000,0,1.00E-06,6,0.005,5.00E-05,5.00E-07,0.6,0.2,0.2,3.5999,0.90978
347,20,1000,0,1.00E-06,6,0.005,5.00E-05,5.00E-07,0.7,0.15,0.15,4.0738,0.90203
348,20,1000,0,1.00E-06,6,0.005,5.00E-05,5.00E-07,0.8,0.1,0.1,4.6648,0.89955
349,20,1000,0,1.00E-06,7,0.005,5.00E-05,5.00E-07,0.5,0.25,0.25,3.9232,0.90178
350,20,1000,0,1.00E-06,7,0.005,5.00E-05,5.00E-07,0.6,0.2,0.2,4.0899,0.90116
351,20,1000,0,1.00E-06,7,0.005,5.00E-05,5.00E-07,0.7,0.15,0.15,3.7533,0.90497
352,20,1000,0,1.00E-06,7,0.005,5.00E-05,5.00E-07,0.8,0.1,0.1,3.9514,0.91073
353,20,1000,0,1.00E-06,8,0.005,5.00E-05,5.00E-07,0.5,0.25,0.25,4.3218,0.90877
354,20,1000,0,1.00E-06,8,0.005,5.00E-05,5.00E-07,0.6,0.2,0.2,3.9999,0.91477
355,20,1000,0,1.00E-06,8,0.005,5.00E-05,5.00E-07,0.7,0.15,0.15,3.9514,0.91222
356,20,1000,0,1.00E-06,8,0.005,5.00E-05,5.00E-07,0.8,0.1,0.1,4.1854,0.90583
357,20,1000,0,1.00E-06,9,0.005,5.00E-05,5.00E-07,0.5,0.25,0.25,3.8411,0.90255
358,20,1000,0,1.00E-06,9,0.005,5.00E-05,5.00E-07,0.6,0.2,0.2,3.9545,0.9013
359,20,1000,0,1.00E-06,9,0.005,5.00E-05,5.00E-07,0.7,0.15,0.15,4.4636,0.91107
360,20,1000,0,1.00E-06,9,0.005,5.00E-05,5.00E-07,0.8,0.1,0.1,3.6719,0.90939
361,20,1000,0,1.00E-06,10,0.005,5.00E-05,5.00E-07,0.5,0.25,0.25,3.6319,0.90181
362,20,1000,0,1.00E-06,10,0.005,5.00E-05,5.00E-07,0.6,0.2,0.2,3.7539,0.9114
363,20,1000,0,1.00E-06,10,0.005,5.00E-05,5.00E-07,0.7,0.15,0.15,3.6613,0.89772
364,20,1000,0,1.00E-06,10,0.005,5.00E-05,5.00E-07,0.8,0.1,0.1,4.3063,0.90682
365,21,1000,0,1.00E-06,4,0.005,5.00E-05,5.00E-07,0.5,0.25,0.25,4.8737,0.91294
366,21,1000,0,1.00E-06,4,0.005,5.00E-05,5.00E-07,0.6,0.2,0.2,6.7584,0.90892
367,21,1000,0,1.00E-06,4,0.005,5.00E-05,5.00E-07,0.7,0.15,0.15,3.9858,0.90129
368,21,1000,0,1.00E-06,4,0.005,5.00E-05,5.00E-07,0.8,0.1,0.1,3.8537,0.90809
369,21,1000,0,1.00E-06,5,0.005,5.00E-05,5.00E-07,0.5,0.25,0.25,4.0553,0.90291
370,21,1000,0,1.00E-06,5,0.005,5.00E-05,5.00E-07,0.6,0.2,0.2,4.1475,0.90496
371,21,1000,0,1.00E-06,5,0.005,5.00E-05,5.00E-07,0.7,0.15,0.15,4.0401,0.91205
372,21,1000,0,1.00E-06,5,0.005,5.00E-05,5.00E-07,0.8,0.1,0.1,3.8462,0.90641
373,21,1000,0,1.00E-06,6,0.005,5.00E-05,5.00E-07,0.5,0.25,0.25,4.1819,0.91818
374,21,1000,0,1.00E-06,6,0.005,5.00E-05,5.00E-07,0.6,0.2,0.2,3.8366,0.90135
375,21,1000,0,1.00E-06,6,0.005,5.00E-05,5.00E-07,0.7,0.15,0.15,4.1625,0.90787
376,21,1000,0,1.00E-06,6,0.005,5.00E-05,5.00E-07,0.8,0.1,0.1,3.4286,0.90707
377,21,1000,0,1.00E-06,7,0.005,5.00E-05,5.00E-07,0.5,0.25,0.25,3.9579,0.90516
378,21,1000,0,1.00E-06,7,0.005,5.00E-05,5.00E-07,0.6,0.2,0.2,3.5781,0.90444
379,21,1000,0,1.00E-06,7,0.005,5.00E-05,5.00E-07,0.7,0.15,0.15,4.8749,0.91264
380,21,1000,0,1.00E-06,7,0.005,5.00E-05,5.00E-07,0.8,0.1,0.1,4.6999,0.91891
381,21,1000,0,1.00E-06,8,0.005,5.00E-05,5.00E-07,0.5,0.25,0.25,3.6784,0.90231
382,21,1000,0,1.00E-06,8,0.005,5.00E-05,5.00E-07,0.6,0.2,0.2,3.6605,0.91647
383,21,1000,0,1.00E-06,8,0.005,5.00E-05,5.00E-07,0.7,0.15,0.15,4.0257,0.90604
384,21,1000,0,1.00E-06,8,0.005,5.00E-05,5.00E-07,0.8,0.1,0.1,3.9549,0.91003
385,21,1000,0,1.00E-06,9,0.005,5.00E-05,5.00E-07,0.5,0.25,0.25,4.122,0.91135
386,21,1000,0,1.00E-06,9,0.005,5.00E-05,5.00E-07,0.6,0.2,0.2,3.8179,0.90731
387,21,1000,0,1.00E-06,9,0.005,5.00E-05,5.00E-07,0.7,0.15,0.15,4.6198,0.90265
388,21,1000,0,1.00E-06,9,0.005,5.00E-05,5.00E-07,0.8,0.1,0.1,4.0338,0.90938
389,21,1000,0,1.00E-06,10,0.005,5.00E-05,5.00E-07,0.5,0.25,0.25,4.0047,0.90381
390,21,1000,0,1.00E-06,10,0.005,5.00E-05,5.00E-07,0.6,0.2,0.2,3.8942,0.91197
391,21,1000,0,1.00E-06,10,0.005,5.00E-05,5.00E-07,0.7,0.15,0.15,3.8095,0.90989
392,21,1000,0,1.00E-06,10,0.005,5.00E-05,5.00E-07,0.8,0.1,0.1,3.7861,0.90712
393,22,1000,0,1.00E-06,4,0.005,5.00E-05,5.00E-07,0.5,0.25,0.25,4.4425,0.89204
394,22,1000,0,1.00E-06,4,0.005,5.00E-05,5.00E-07,0.6,0.2,0.2,3.0588,0.91022
395,22,1000,0,1.00E-06,4,0.005,5.00E-05,5.00E-07,0.7,0.15,0.15,3.5776,0.90445
396,22,1000,0,1.00E-06,4,0.005,5.00E-05,5.00E-07,0.8,0.1,0.1,3.7292,0.90641
397,22,1000,0,1.00E-06,5,0.005,5.00E-05,5.00E-07,0.5,0.25,0.25,3.9315,0.90046
398,22,1000,0,1.00E-06,5,0.005,5.00E-05,5.00E-07,0.6,0.2,0.2,4.4652,0.90576
399,22,1000,0,1.00E-06,5,0.005,5.00E-05,5.00E-07,0.7,0.15,0.15,4.0799,0.9054
400,22,1000,0,1.00E-06,5,0.005,5.00E-05,5.00E-07,0.8,0.1,0.1,3.9906,0.90992
401,22,1000,0,1.00E-06,6,0.005,5.00E-05,5.00E-07,0.5,0.25,0.25,3.4926,0.90466
402,22,1000,0,1.00E-06,6,0.005,5.00E-05,5.00E-07,0.6,0.2,0.2,4.1712,0.91095
403,22,1000,0,1.00E-06,6,0.005,5.00E-05,5.00E-07,0.7,0.15,0.15,3.9012,0.90854
404,22,1000,0,1.00E-06,6,0.005,5.00E-05,5.00E-07,0.8,0.1,0.1,4.3515,0.90519
405,22,1000,0,1.00E-06,7,0.005,5.00E-05,5.00E-07,0.5,0.25,0.25,3.678,0.90863
406,22,1000,0,1.00E-06,7,0.005,5.00E-05,5.00E-07,0.6,0.2,0.2,3.3351,0.90413
407,22,1000,0,1.00E-06,7,0.005,5.00E-05,5.00E-07,0.7,0.15,0.15,4.6393,0.91732
408,22,1000,0,1.00E-06,7,0.005,5.00E-05,5.00E-07,0.8,0.1,0.1,3.7598,0.90868
409,22,1000,0,1.00E-06,8,0.005,5.00E-05,5.00E-07,0.5,0.25,0.25,5.3127,0.91468
410,22,1000,0,1.00E-06,8,0.005,5.00E-05,5.00E-07,0.6,0.2,0.2,3.8746,0.90272
411,22,1000,0,1.00E-06,8,0.005,5.00E-05,5.00E-07,0.7,0.15,0.15,3.712,0.907
412,22,1000,0,1.00E-06,8,0.005,5.00E-05,5.00E-07,0.8,0.1,0.1,4.0393,0.90986
413,22,1000,0,1.00E-06,9,0.005,5.00E-05,5.00E-07,0.5,0.25,0.25,4.1812,0.89558
414,22,1000,0,1.00E-06,9,0.005,5.00E-05,5.00E-07,0.6,0.2,0.2,3.75,0.91138
415,22,1000,0,1.00E-06,9,0.005,5.00E-05,5.00E-07,0.7,0.15,0.15,3.8949,0.90051
416,22,1000,0,1.00E-06,9,0.005,5.00E-05,5.00E-07,0.8,0.1,0.1,3.7835,0.91341
417,22,1000,0,1.00E-06,10,0.005,5.00E-05,5.00E-07,0.5,0.25,0.25,4.2043,0.90842
418,22,1000,0,1.00E-06,10,0.005,5.00E-05,5.00E-07,0.6,0.2,0.2,5.4895,0.91401
419,22,1000,0,1.00E-06,10,0.005,5.00E-05,5.00E-07,0.7,0.15,0.15,4.0851,0.89832
420,22,1000,0,1.00E-06,10,0.005,5.00E-05,5.00E-07,0.8,0.1,0.1,3.7672,0.91029
421,23,1000,0,1.00E-06,4,0.005,5.00E-05,5.00E-07,0.5,0.25,0.25,3.7096,0.90624
422,23,1000,0,1.00E-06,4,0.005,5.00E-05,5.00E-07,0.6,0.2,0.2,4.0053,0.89249
423,23,1000,0,1.00E-06,4,0.005,5.00E-05,5.00E-07,0.7,0.15,0.15,4.0091,0.90797
424,23,1000,0,1.00E-06,4,0.005,5.00E-05,5.00E-07,0.8,0.1,0.1,4.1819,0.89134
425,23,1000,0,1.00E-06,5,0.005,5.00E-05,5.00E-07,0.5,0.25,0.25,4.5629,0.90594
426,23,1000,0,1.00E-06,5,0.005,5.00E-05,5.00E-07,0.6,0.2,0.2,4.2782,0.90484
427,23,1000,0,1.00E-06,5,0.005,5.00E-05,5.00E-07,0.7,0.15,0.15,3.5432,0.91062
428,23,1000,0,1.00E-06,5,0.005,5.00E-05,5.00E-07,0.8,0.1,0.1,3.8371,0.9099
429,23,1000,0,1.00E-06,6,0.005,5.00E-05,5.00E-07,0.5,0.25,0.25,3.7818,0.91061
430,23,1000,0,1.00E-06,6,0.005,5.00E-05,5.00E-07,0.6,0.2,0.2,3.7292,0.90633
431,23,1000,0,1.00E-06,6,0.005,5.00E-05,5.00E-07,0.7,0.15,0.15,3.4308,0.90391
432,23,1000,0,1.00E-06,6,0.005,5.00E-05,5.00E-07,0.8,0.1,0.1,4.094,0.90522
433,23,1000,0,1.00E-06,7,0.005,5.00E-05,5.00E-07,0.5,0.25,0.25,3.3134,0.91442
434,23,1000,0,1.00E-06,7,0.005,5.00E-05,5.00E-07,0.6,0.2,0.2,5.4795,0.90637
435,23,1000,0,1.00E-06,7,0.005,5.00E-05,5.00E-07,0.7,0.15,0.15,4.0787,0.90831
436,23,1000,0,1.00E-06,7,0.005,5.00E-05,5.00E-07,0.8,0.1,0.1,3.7551,0.90109
437,23,1000,0,1.00E-06,8,0.005,5.00E-05,5.00E-07,0.5,0.25,0.25,3.9608,0.91307
438,23,1000,0,1.00E-06,8,0.005,5.00E-05,5.00E-07,0.6,0.2,0.2,3.9949,0.91672
439,23,1000,0,1.00E-06,8,0.005,5.00E-05,5.00E-07,0.7,0.15,0.15,4.1072,0.90859
440,23,1000,0,1.00E-06,8,0.005,5.00E-05,5.00E-07,0.8,0.1,0.1,3.7604,0.91573
441,23,1000,0,1.00E-06,9,0.005,5.00E-05,5.00E-07,0.5,0.25,0.25,3.7058,0.9145
442,23,1000,0,1.00E-06,9,0.005,5.00E-05,5.00E-07,0.6,0.2,0.2,3.1867,0.91106
443,23,1000,0,1.00E-06,9,0.005,5.00E-05,5.00E-07,0.7,0.15,0.15,3.8187,0.9113
444,23,1000,0,1.00E-06,9,0.005,5.00E-05,5.00E-07,0.8,0.1,0.1,3.2954,0.90733
445,23,1000,0,1.00E-06,10,0.005,5.00E-05,5.00E-07,0.5,0.25,0.25,3.6012,0.9099
446,23,1000,0,1.00E-06,10,0.005,5.00E-05,5.00E-07,0.6,0.2,0.2,4.6653,0.9125
447,23,1000,0,1.00E-06,10,0.005,5.00E-05,5.00E-07,0.7,0.15,0.15,4.3811,0.89627
448,23,1000,0,1.00E-06,10,0.005,5.00E-05,5.00E-07,0.8,0.1,0.1,4.1634,0.91139
449,24,1000,0,1.00E-06,4,0.005,5.00E-05,5.00E-07,0.5,0.25,0.25,4.2131,0.90757
450,24,1000,0,1.00E-06,4,0.005,5.00E-05,5.00E-07,0.6,0.2,0.2,3.218,0.90261
451,24,1000,0,1.00E-06,4,0.005,5.00E-05,5.00E-07,0.7,0.15,0.15,3.9651,0.90949
452,24,1000,0,1.00E-06,4,0.005,5.00E-05,5.00E-07,0.8,0.1,0.1,4.3859,0.9051
453,24,1000,0,1.00E-06,5,0.005,5.00E-05,5.00E-07,0.5,0.25,0.25,3.9966,0.90799
454,24,1000,0,1.00E-06,5,0.005,5.00E-05,5.00E-07,0.6,0.2,0.2,3.81,0.90806
455,24,1000,0,1.00E-06,5,0.005,5.00E-05,5.00E-07,0.7,0.15,0.15,3.8719,0.90545
456,24,1000,0,1.00E-06,5,0.005,5.00E-05,5.00E-07,0.8,0.1,0.1,3.8653,0.91073
457,24,1000,0,1.00E-06,6,0.005,5.00E-05,5.00E-07,0.5,0.25,0.25,3.9301,0.91757
458,24,1000,0,1.00E-06,6,0.005,5.00E-05,5.00E-07,0.6,0.2,0.2,4.1278,0.91502
459,24,1000,0,1.00E-06,6,0.005,5.00E-05,5.00E-07,0.7,0.15,0.15,5.6065,0.91493
460,24,1000,0,1.00E-06,6,0.005,5.00E-05,5.00E-07,0.8,0.1,0.1,5.3294,0.90198
461,24,1000,0,1.00E-06,7,0.005,5.00E-05,5.00E-07,0.5,0.25,0.25,4.9218,0.90432
462,24,1000,0,1.00E-06,7,0.005,5.00E-05,5.00E-07,0.6,0.2,0.2,4.2789,0.91117
463,24,1000,0,1.00E-06,7,0.005,5.00E-05,5.00E-07,0.7,0.15,0.15,3.4764,0.90973
464,24,1000,0,1.00E-06,7,0.005,5.00E-05,5.00E-07,0.8,0.1,0.1,3.8583,0.90472
465,24,1000,0,1.00E-06,8,0.005,5.00E-05,5.00E-07,0.5,0.25,0.25,3.7045,0.90409
466,24,1000,0,1.00E-06,8,0.005,5.00E-05,5.00E-07,0.6,0.2,0.2,3.92,0.9143
467,24,1000,0,1.00E-06,8,0.005,5.00E-05,5.00E-07,0.7,0.15,0.15,3.5054,0.9108
468,24,1000,0,1.00E-06,8,0.005,5.00E-05,5.00E-07,0.8,0.1,0.1,2.9504,0.91608
469,24,1000,0,1.00E-06,9,0.005,5.00E-05,5.00E-07,0.5,0.25,0.25,4.0831,0.90877
470,24,1000,0,1.00E-06,9,0.005,5.00E-05,5.00E-07,0.6,0.2,0.2,3.9574,0.90757
471,24,1000,0,1.00E-06,9,0.005,5.00E-05,5.00E-07,0.7,0.15,0.15,4.1096,0.91076
472,24,1000,0,1.00E-06,9,0.005,5.00E-05,5.00E-07,0.8,0.1,0.1,3.8183,0.90585
473,24,1000,0,1.00E-06,10,0.005,5.00E-05,5.00E-07,0.5,0.25,0.25,4.4257,0.91082
474,24,1000,0,1.00E-06,10,0.005,5.00E-05,5.00E-07,0.6,0.2,0.2,4.8612,0.90878
475,24,1000,0,1.00E-06,10,0.005,5.00E-05,5.00E-07,0.7,0.15,0.15,4.1726,0.90519
476,24,1000,0,1.00E-06,10,0.005,5.00E-05,5.00E-07,0.8,0.1,0.1,3.8455,0.90452
477,25,1000,0,1.00E-06,4,0.005,5.00E-05,5.00E-07,0.5,0.25,0.25,4.1114,0.90734
478,25,1000,0,1.00E-06,4,0.005,5.00E-05,5.00E-07,0.6,0.2,0.2,3.8457,0.90437
479,25,1000,0,1.00E-06,4,0.005,5.00E-05,5.00E-07,0.7,0.15,0.15,3.6761,0.90812
480,25,1000,0,1.00E-06,4,0.005,5.00E-05,5.00E-07,0.8,0.1,0.1,3.8842,0.905
481,25,1000,0,1.00E-06,5,0.005,5.00E-05,5.00E-07,0.5,0.25,0.25,4.0707,0.89912
482,25,1000,0,1.00E-06,5,0.005,5.00E-05,5.00E-07,0.6,0.2,0.2,3.8635,0.91185
483,25,1000,0,1.00E-06,5,0.005,5.00E-05,5.00E-07,0.7,0.15,0.15,5.8418,0.90175
484,25,1000,0,1.00E-06,5,0.005,5.00E-05,5.00E-07,0.8,0.1,0.1,3.7907,0.90935
485,25,1000,0,1.00E-06,6,0.005,5.00E-05,5.00E-07,0.5,0.25,0.25,3.833,0.91314
486,25,1000,0,1.00E-06,6,0.005,5.00E-05,5.00E-07,0.6,0.2,0.2,4.1845,0.90935
487,25,1000,0,1.00E-06,6,0.005,5.00E-05,5.00E-07,0.7,0.15,0.15,3.7983,0.90483
488,25,1000,0,1.00E-06,6,0.005,5.00E-05,5.00E-07,0.8,0.1,0.1,3.8676,0.89766
489,25,1000,0,1.00E-06,7,0.005,5.00E-05,5.00E-07,0.5,0.25,0.25,3.9871,0.90785
490,25,1000,0,1.00E-06,7,0.005,5.00E-05,5.00E-07,0.6,0.2,0.2,4.1675,0.90846
491,25,1000,0,1.00E-06,7,0.005,5.00E-05,5.00E-07,0.7,0.15,0.15,3.7174,0.9116
492,25,1000,0,1.00E-06,7,0.005,5.00E-05,5.00E-07,0.8,0.1,0.1,4.0273,0.9077
493,25,1000,0,1.00E-06,8,0.005,5.00E-05,5.00E-07,0.5,0.25,0.25,4.48,0.91475
494,25,1000,0,1.00E-06,8,0.005,5.00E-05,5.00E-07,0.6,0.2,0.2,3.7575,0.89805
495,25,1000,0,1.00E-06,8,0.005,5.00E-05,5.00E-07,0.7,0.15,0.15,3.6825,0.91114
496,25,1000,0,1.00E-06,8,0.005,5.00E-05,5.00E-07,0.8,0.1,0.1,4.1174,0.90148
497,25,1000,0,1.00E-06,9,0.005,5.00E-05,5.00E-07,0.5,0.25,0.25,3.254,0.91052
498,25,1000,0,1.00E-06,9,0.005,5.00E-05,5.00E-07,0.6,0.2,0.2,3.9975,0.9056
499,25,1000,0,1.00E-06,9,0.005,5.00E-05,5.00E-07,0.7,0.15,0.15,3.8126,0.90792
500,25,1000,0,1.00E-06,9,0.005,5.00E-05,5.00E-07,0.8,0.1,0.1,3.951,0.90967
501,25,1000,0,1.00E-06,10,0.005,5.00E-05,5.00E-07,0.5,0.25,0.25,4.1692,0.90232
502,25,1000,0,1.00E-06,10,0.005,5.00E-05,5.00E-07,0.6,0.2,0.2,3.8859,0.90873
503,25,1000,0,1.00E-06,10,0.005,5.00E-05,5.00E-07,0.7,0.15,0.15,3.9657,0.90256
504,25,1000,0,1.00E-06,10,0.005,5.00E-05,5.00E-07,0.8,0.1,0.1,4.5696,0.90326
505,26,1000,0,1.00E-06,4,0.005,5.00E-05,5.00E-07,0.5,0.25,0.25,4.0271,0.90958
506,26,1000,0,1.00E-06,4,0.005,5.00E-05,5.00E-07,0.6,0.2,0.2,3.593,0.90105
507,26,1000,0,1.00E-06,4,0.005,5.00E-05,5.00E-07,0.7,0.15,0.15,4.2049,0.91059
508,26,1000,0,1.00E-06,4,0.005,5.00E-05,5.00E-07,0.8,0.1,0.1,3.3737,0.90267
509,26,1000,0,1.00E-06,5,0.005,5.00E-05,5.00E-07,0.5,0.25,0.25,3.1574,0.91221
510,26,1000,0,1.00E-06,5,0.005,5.00E-05,5.00E-07,0.6,0.2,0.2,3.7829,0.91295
511,26,1000,0,1.00E-06,5,0.005,5.00E-05,5.00E-07,0.7,0.15,0.15,4.6553,0.91179
512,26,1000,0,1.00E-06,5,0.005,5.00E-05,5.00E-07,0.8,0.1,0.1,3.2707,0.9044
513,26,1000,0,1.00E-06,6,0.005,5.00E-05,5.00E-07,0.5,0.25,0.25,4.0974,0.91337
514,26,1000,0,1.00E-06,6,0.005,5.00E-05,5.00E-07,0.6,0.2,0.2,3.8555,0.90461
515,26,1000,0,1.00E-06,6,0.005,5.00E-05,5.00E-07,0.7,0.15,0.15,3.3978,0.90561
516,26,1000,0,1.00E-06,6,0.005,5.00E-05,5.00E-07,0.8,0.1,0.1,3.7693,0.90494
517,26,1000,0,1.00E-06,7,0.005,5.00E-05,5.00E-07,0.5,0.25,0.25,4.8516,0.91087
518,26,1000,0,1.00E-06,7,0.005,5.00E-05,5.00E-07,0.6,0.2,0.2,4.136,0.90143
519,26,1000,0,1.00E-06,7,0.005,5.00E-05,5.00E-07,0.7,0.15,0.15,4.2434,0.90298
520,26,1000,0,1.00E-06,7,0.005,5.00E-05,5.00E-07,0.8,0.1,0.1,3.8636,0.91562
521,26,1000,0,1.00E-06,8,0.005,5.00E-05,5.00E-07,0.5,0.25,0.25,5.5565,0.90666
522,26,1000,0,1.00E-06,8,0.005,5.00E-05,5.00E-07,0.6,0.2,0.2,3.9868,0.90741
523,26,1000,0,1.00E-06,8,0.005,5.00E-05,5.00E-07,0.7,0.15,0.15,3.6287,0.90557
524,26,1000,0,1.00E-06,8,0.005,5.00E-05,5.00E-07,0.8,0.1,0.1,3.7617,0.90949
525,26,1000,0,1.00E-06,9,0.005,5.00E-05,5.00E-07,0.5,0.25,0.25,4.0789,0.9035
526,26,1000,0,1.00E-06,9,0.005,5.00E-05,5.00E-07,0.6,0.2,0.2,4.0044,0.9041
527,26,1000,0,1.00E-06,9,0.005,5.00E-05,5.00E-07,0.7,0.15,0.15,4.9909,0.90913
528,26,1000,0,1.00E-06,9,0.005,5.00E-05,5.00E-07,0.8,0.1,0.1,3.8392,0.90604
529,26,1000,0,1.00E-06,10,0.005,5.00E-05,5.00E-07,0.5,0.25,0.25,3.8828,0.88835
530,26,1000,0,1.00E-06,10,0.005,5.00E-05,5.00E-07,0.6,0.2,0.2,3.3484,0.91173
531,26,1000,0,1.00E-06,10,0.005,5.00E-05,5.00E-07,0.7,0.15,0.15,4.8985,0.90807
532,26,1000,0,1.00E-06,10,0.005,5.00E-05,5.00E-07,0.8,0.1,0.1,3.7578,0.90652
533,27,1000,0,1.00E-06,4,0.005,5.00E-05,5.00E-07,0.5,0.25,0.25,2.977,0.8975
534,27,1000,0,1.00E-06,4,0.005,5.00E-05,5.00E-07,0.6,0.2,0.2,4.0377,0.90164
535,27,1000,0,1.00E-06,4,0.005,5.00E-05,5.00E-07,0.7,0.15,0.15,4.1344,0.90729
536,27,1000,0,1.00E-06,4,0.005,5.00E-05,5.00E-07,0.8,0.1,0.1,3.9959,0.91019
537,27,1000,0,1.00E-06,5,0.005,5.00E-05,5.00E-07,0.5,0.25,0.25,3.7411,0.90522
538,27,1000,0,1.00E-06,5,0.005,5.00E-05,5.00E-07,0.6,0.2,0.2,4.7513,0.9057
539,27,1000,0,1.00E-06,5,0.005,5.00E-05,5.00E-07,0.7,0.15,0.15,3.6692,0.90475
540,27,1000,0,1.00E-06,5,0.005,5.00E-05,5.00E-07,0.8,0.1,0.1,3.6867,0.90284
541,27,1000,0,1.00E-06,6,0.005,5.00E-05,5.00E-07,0.5,0.25,0.25,3.7358,0.90647
542,27,1000,0,1.00E-06,6,0.005,5.00E-05,5.00E-07,0.6,0.2,0.2,3.6814,0.90527
543,27,1000,0,1.00E-06,6,0.005,5.00E-05,5.00E-07,0.7,0.15,0.15,3.9551,0.90885
544,27,1000,0,1.00E-06,6,0.005,5.00E-05,5.00E-07,0.8,0.1,0.1,4.3275,0.91076
545,27,1000,0,1.00E-06,7,0.005,5.00E-05,5.00E-07,0.5,0.25,0.25,4.2144,0.90357
546,27,1000,0,1.00E-06,7,0.005,5.00E-05,5.00E-07,0.6,0.2,0.2,4.0137,0.90793
547,27,1000,0,1.00E-06,7,0.005,5.00E-05,5.00E-07,0.7,0.15,0.15,3.2342,0.91189
548,27,1000,0,1.00E-06,7,0.005,5.00E-05,5.00E-07,0.8,0.1,0.1,3.6394,0.90568
549,27,1000,0,1.00E-06,8,0.005,5.00E-05,5.00E-07,0.5,0.25,0.25,3.9893,0.90141
550,27,1000,0,1.00E-06,8,0.005,5.00E-05,5.00E-07,0.6,0.2,0.2,4.444,0.90223
551,27,1000,0,1.00E-06,8,0.005,5.00E-05,5.00E-07,0.7,0.15,0.15,4.117,0.91211
552,27,1000,0,1.00E-06,8,0.005,5.00E-05,5.00E-07,0.8,0.1,0.1,4.8791,0.90477
553,27,1000,0,1.00E-06,9,0.005,5.00E-05,5.00E-07,0.5,0.25,0.25,4.6299,0.91217
554,27,1000,0,1.00E-06,9,0.005,5.00E-05,5.00E-07,0.6,0.2,0.2,3.9287,0.90657
555,27,1000,0,1.00E-06,9,0.005,5.00E-05,5.00E-07,0.7,0.15,0.15,4.0333,0.91307
556,27,1000,0,1.00E-06,9,0.005,5.00E-05,5.00E-07,0.8,0.1,0.1,3.26,0.90548
557,27,1000,0,1.00E-06,10,0.005,5.00E-05,5.00E-07,0.5,0.25,0.25,3.0192,0.9058
558,27,1000,0,1.00E-06,10,0.005,5.00E-05,5.00E-07,0.6,0.2,0.2,4.1196,0.90192
559,27,1000,0,1.00E-06,10,0.005,5.00E-05,5.00E-07,0.7,0.15,0.15,3.8611,0.90013
560,27,1000,0,1.00E-06,10,0.005,5.00E-05,5.00E-07,0.8,0.1,0.1,4.0711,0.90503
561,28,1000,0,1.00E-06,4,0.005,5.00E-05,5.00E-07,0.5,0.25,0.25,5.4419,0.91165
562,28,1000,0,1.00E-06,4,0.005,5.00E-05,5.00E-07,0.6,0.2,0.2,3.9357,0.90375
563,28,1000,0,1.00E-06,4,0.005,5.00E-05,5.00E-07,0.7,0.15,0.15,3.7252,0.9141
564,28,1000,0,1.00E-06,4,0.005,5.00E-05,5.00E-07,0.8,0.1,0.1,4.7125,0.90422
565,28,1000,0,1.00E-06,5,0.005,5.00E-05,5.00E-07,0.5,0.25,0.25,4.4108,0.90055
566,28,1000,0,1.00E-06,5,0.005,5.00E-05,5.00E-07,0.6,0.2,0.2,3.9025,0.91148
567,28,1000,0,1.00E-06,5,0.005,5.00E-05,5.00E-07,0.7,0.15,0.15,4.0298,0.90666
568,28,1000,0,1.00E-06,5,0.005,5.00E-05,5.00E-07,0.8,0.1,0.1,4.2005,0.91046
569,28,1000,0,1.00E-06,6,0.005,5.00E-05,5.00E-07,0.5,0.25,0.25,4.8506,0.89697
570,28,1000,0,1.00E-06,6,0.005,5.00E-05,5.00E-07,0.6,0.2,0.2,3.6223,0.89884
571,28,1000,0,1.00E-06,6,0.005,5.00E-05,5.00E-07,0.7,0.15,0.15,4.0966,0.90591
572,28,1000,0,1.00E-06,6,0.005,5.00E-05,5.00E-07,0.8,0.1,0.1,4.0233,0.90722
573,28,1000,0,1.00E-06,7,0.005,5.00E-05,5.00E-07,0.5,0.25,0.25,4.7271,0.91082
574,28,1000,0,1.00E-06,7,0.005,5.00E-05,5.00E-07,0.6,0.2,0.2,3.7721,0.91712
575,28,1000,0,1.00E-06,7,0.005,5.00E-05,5.00E-07,0.7,0.15,0.15,4.2821,0.91261
576,28,1000,0,1.00E-06,7,0.005,5.00E-05,5.00E-07,0.8,0.1,0.1,3.5975,0.91357
577,28,1000,0,1.00E-06,8,0.005,5.00E-05,5.00E-07,0.5,0.25,0.25,5.999,0.91067
578,28,1000,0,1.00E-06,8,0.005,5.00E-05,5.00E-07,0.6,0.2,0.2,4.3337,0.91178
579,28,1000,0,1.00E-06,8,0.005,5.00E-05,5.00E-07,0.7,0.15,0.15,3.3778,0.91325
580,28,1000,0,1.00E-06,8,0.005,5.00E-05,5.00E-07,0.8,0.1,0.1,4.1736,0.90686
581,28,1000,0,1.00E-06,9,0.005,5.00E-05,5.00E-07,0.5,0.25,0.25,4.0531,0.9058
582,28,1000,0,1.00E-06,9,0.005,5.00E-05,5.00E-07,0.6,0.2,0.2,4.1498,0.90091
583,28,1000,0,1.00E-06,9,0.005,5.00E-05,5.00E-07,0.7,0.15,0.15,3.7481,0.9095
584,28,1000,0,1.00E-06,9,0.005,5.00E-05,5.00E-07,0.8,0.1,0.1,3.9522,0.91296
585,28,1000,0,1.00E-06,10,0.005,5.00E-05,5.00E-07,0.5,0.25,0.25,4.2075,0.91162
586,28,1000,0,1.00E-06,10,0.005,5.00E-05,5.00E-07,0.6,0.2,0.2,4.0387,0.90867
587,28,1000,0,1.00E-06,10,0.005,5.00E-05,5.00E-07,0.7,0.15,0.15,3.7359,0.90838
588,28,1000,0,1.00E-06,10,0.005,5.00E-05,5.00E-07,0.8,0.1,0.1,3.7956,0.90415
589,29,1000,0,1.00E-06,4,0.005,5.00E-05,5.00E-07,0.5,0.25,0.25,4.0204,0.91218
590,29,1000,0,1.00E-06,4,0.005,5.00E-05,5.00E-07,0.6,0.2,0.2,3.8278,0.89454
591,29,1000,0,1.00E-06,4,0.005,5.00E-05,5.00E-07,0.7,0.15,0.15,4.032,0.91084
592,29,1000,0,1.00E-06,4,0.005,5.00E-05,5.00E-07,0.8,0.1,0.1,4.0085,0.90964
593,29,1000,0,1.00E-06,5,0.005,5.00E-05,5.00E-07,0.5,0.25,0.25,3.8864,0.91348
594,29,1000,0,1.00E-06,5,0.005,5.00E-05,5.00E-07,0.6,0.2,0.2,6.4693,0.91234
595,29,1000,0,1.00E-06,5,0.005,5.00E-05,5.00E-07,0.7,0.15,0.15,3.8188,0.90195
596,29,1000,0,1.00E-06,5,0.005,5.00E-05,5.00E-07,0.8,0.1,0.1,3.2721,0.9101
597,29,1000,0,1.00E-06,6,0.005,5.00E-05,5.00E-07,0.5,0.25,0.25,3.3979,0.90867
598,29,1000,0,1.00E-06,6,0.005,5.00E-05,5.00E-07,0.6,0.2,0.2,4.1824,0.90711
599,29,1000,0,1.00E-06,6,0.005,5.00E-05,5.00E-07,0.7,0.15,0.15,4.21,0.91015
600,29,1000,0,1.00E-06,6,0.005,5.00E-05,5.00E-07,0.8,0.1,0.1,3.2061,0.90406
601,29,1000,0,1.00E-06,7,0.005,5.00E-05,5.00E-07,0.5,0.25,0.25,3.739,0.91354
602,29,1000,0,1.00E-06,7,0.005,5.00E-05,5.00E-07,0.6,0.2,0.2,3.3439,0.90889
603,29,1000,0,1.00E-06,7,0.005,5.00E-05,5.00E-07,0.7,0.15,0.15,4.0697,0.91235
604,29,1000,0,1.00E-06,7,0.005,5.00E-05,5.00E-07,0.8,0.1,0.1,4.0157,0.91476
605,29,1000,0,1.00E-06,8,0.005,5.00E-05,5.00E-07,0.5,0.25,0.25,3.5523,0.91027
606,29,1000,0,1.00E-06,8,0.005,5.00E-05,5.00E-07,0.6,0.2,0.2,3.8665,0.91133
607,29,1000,0,1.00E-06,8,0.005,5.00E-05,5.00E-07,0.7,0.15,0.15,4.1049,0.90581
608,29,1000,0,1.00E-06,8,0.005,5.00E-05,5.00E-07,0.8,0.1,0.1,4.1729,0.90718
609,29,1000,0,1.00E-06,9,0.005,5.00E-05,5.00E-07,0.5,0.25,0.25,4.0214,0.90647
610,29,1000,0,1.00E-06,9,0.005,5.00E-05,5.00E-07,0.6,0.2,0.2,4.0532,0.89682
611,29,1000,0,1.00E-06,9,0.005,5.00E-05,5.00E-07,0.7,0.15,0.15,3.9118,0.91052
612,29,1000,0,1.00E-06,9,0.005,5.00E-05,5.00E-07,0.8,0.1,0.1,3.2798,0.90733
613,29,1000,0,1.00E-06,10,0.005,5.00E-05,5.00E-07,0.5,0.25,0.25,3.8148,0.90312
614,29,1000,0,1.00E-06,10,0.005,5.00E-05,5.00E-07,0.6,0.2,0.2,3.7716,0.90118
615,29,1000,0,1.00E-06,10,0.005,5.00E-05,5.00E-07,0.7,0.15,0.15,3.539,0.89902
616,29,1000,0,1.00E-06,10,0.005,5.00E-05,5.00E-07,0.8,0.1,0.1,4.6318,0.90764
617,30,1000,0,1.00E-06,4,0.005,5.00E-05,5.00E-07,0.5,0.25,0.25,4.6026,0.91418
618,30,1000,0,1.00E-06,4,0.005,5.00E-05,5.00E-07,0.6,0.2,0.2,4.0382,0.90892
619,30,1000,0,1.00E-06,4,0.005,5.00E-05,5.00E-07,0.7,0.15,0.15,4.0235,0.90604
620,30,1000,0,1.00E-06,4,0.005,5.00E-05,5.00E-07,0.8,0.1,0.1,4.137,0.90343
621,30,1000,0,1.00E-06,5,0.005,5.00E-05,5.00E-07,0.5,0.25,0.25,3.8758,0.91091
622,30,1000,0,1.00E-06,5,0.005,5.00E-05,5.00E-07,0.6,0.2,0.2,3.7647,0.89778
623,30,1000,0,1.00E-06,5,0.005,5.00E-05,5.00E-07,0.7,0.15,0.15,3.246,0.90995
624,30,1000,0,1.00E-06,5,0.005,5.00E-05,5.00E-07,0.8,0.1,0.1,4.0563,0.9094
625,30,1000,0,1.00E-06,6,0.005,5.00E-05,5.00E-07,0.5,0.25,0.25,4.3146,0.89932
626,30,1000,0,1.00E-06,6,0.005,5.00E-05,5.00E-07,0.6,0.2,0.2,4.0737,0.91169
627,30,1000,0,1.00E-06,6,0.005,5.00E-05,5.00E-07,0.7,0.15,0.15,3.8085,0.91563
628,30,1000,0,1.00E-06,6,0.005,5.00E-05,5.00E-07,0.8,0.1,0.1,3.9183,0.90829
629,30,1000,0,1.00E-06,7,0.005,5.00E-05,5.00E-07,0.5,0.25,0.25,3.8213,0.90598
630,30,1000,0,1.00E-06,7,0.005,5.00E-05,5.00E-07,0.6,0.2,0.2,3.7035,0.90876
631,30,1000,0,1.00E-06,7,0.005,5.00E-05,5.00E-07,0.7,0.15,0.15,3.8471,0.91191
632,30,1000,0,1.00E-06,7,0.005,5.00E-05,5.00E-07,0.8,0.1,0.1,3.8012,0.90683
633,30,1000,0,1.00E-06,8,0.005,5.00E-05,5.00E-07,0.5,0.25,0.25,4.5295,0.91059
634,30,1000,0,1.00E-06,8,0.005,5.00E-05,5.00E-07,0.6,0.2,0.2,4.5845,0.90645
635,30,1000,0,1.00E-06,8,0.005,5.00E-05,5.00E-07,0.7,0.15,0.15,4.2596,0.90676
636,30,1000,0,1.00E-06,8,0.005,5.00E-05,5.00E-07,0.8,0.1,0.1,4.1155,0.90427
637,30,1000,0,1.00E-06,9,0.005,5.00E-05,5.00E-07,0.5,0.25,0.25,6.0669,0.90856
638,30,1000,0,1.00E-06,9,0.005,5.00E-05,5.00E-07,0.6,0.2,0.2,3.0155,0.91048
639,30,1000,0,1.00E-06,9,0.005,5.00E-05,5.00E-07,0.7,0.15,0.15,4.3111,0.91021
640,30,1000,0,1.00E-06,9,0.005,5.00E-05,5.00E-07,0.8,0.1,0.1,4.0132,0.90947
641,30,1000,0,1.00E-06,10,0.005,5.00E-05,5.00E-07,0.5,0.25,0.25,5.9894,0.89331
642,30,1000,0,1.00E-06,10,0.005,5.00E-05,5.00E-07,0.6,0.2,0.2,3.4573,0.90349
643,30,1000,0,1.00E-06,10,0.005,5.00E-05,5.00E-07,0.7,0.15,0.15,4.227,0.91143
644,30,1000,0,1.00E-06,10,0.005,5.00E-05,5.00E-07,0.8,0.1,0.1,3.9026,0.90643
