1,2,3,4,5,6,7,8,9,10,11,12,13,14
1,8,1000,0,1e-06,4,0.005,5e-05,5e-07,0.5,0.25,0.25,86.792,0.027943
2,8,1000,0,1e-06,4,0.005,5e-05,5e-07,0.6,0.2,0.2,721.62,-0.28176
3,8,1000,0,1e-06,4,0.005,5e-05,5e-07,0.7,0.15,0.15,77.294,0.11961
4,8,1000,0,1e-06,4,0.005,5e-05,5e-07,0.8,0.1,0.1,62.287,0.12036
5,8,1000,0,1e-06,5,0.005,5e-05,5e-07,0.5,0.25,0.25,120.12,-0.48542
6,8,1000,0,1e-06,5,0.005,5e-05,5e-07,0.6,0.2,0.2,82.428,0.33851
7,8,1000,0,1e-06,5,0.005,5e-05,5e-07,0.7,0.15,0.15,101.51,-0.11757
8,8,1000,0,1e-06,5,0.005,5e-05,5e-07,0.8,0.1,0.1,80.817,0.25064
9,8,1000,0,1e-06,6,0.005,5e-05,5e-07,0.5,0.25,0.25,79.474,0.19567
10,8,1000,0,1e-06,6,0.005,5e-05,5e-07,0.6,0.2,0.2,70.387,-0.076298
11,8,1000,0,1e-06,6,0.005,5e-05,5e-07,0.7,0.15,0.15,67.134,0.32903
12,8,1000,0,1e-06,6,0.005,5e-05,5e-07,0.8,0.1,0.1,78.838,-0.36423
13,8,1000,0,1e-06,7,0.005,5e-05,5e-07,0.5,0.25,0.25,195.89,-0.19591
14,8,1000,0,1e-06,7,0.005,5e-05,5e-07,0.6,0.2,0.2,55.844,0.28735
15,8,1000,0,1e-06,7,0.005,5e-05,5e-07,0.7,0.15,0.15,91.557,0.104
16,8,1000,0,1e-06,7,0.005,5e-05,5e-07,0.8,0.1,0.1,75.806,0.22206
17,8,1000,0,1e-06,8,0.005,5e-05,5e-07,0.5,0.25,0.25,77.11,0.30252
18,8,1000,0,1e-06,8,0.005,5e-05,5e-07,0.6,0.2,0.2,55.215,0.46909
19,8,1000,0,1e-06,8,0.005,5e-05,5e-07,0.7,0.15,0.15,77.692,0.01173
20,8,1000,0,1e-06,8,0.005,5e-05,5e-07,0.8,0.1,0.1,96.75,0.28799
21,8,1000,0,1e-06,9,0.005,5e-05,5e-07,0.5,0.25,0.25,40.089,0.67795
22,8,1000,0,1e-06,9,0.005,5e-05,5e-07,0.6,0.2,0.2,228.41,-0.39075
23,8,1000,0,1e-06,9,0.005,5e-05,5e-07,0.7,0.15,0.15,57.42,0.53246
24,8,1000,0,1e-06,9,0.005,5e-05,5e-07,0.8,0.1,0.1,98.219,-0.056154
25,8,1000,0,1e-06,10,0.005,5e-05,5e-07,0.5,0.25,0.25,59.5,0.26715
26,8,1000,0,1e-06,10,0.005,5e-05,5e-07,0.6,0.2,0.2,68.546,0.12494
27,8,1000,0,1e-06,10,0.005,5e-05,5e-07,0.7,0.15,0.15,89.167,0.28055
28,8,1000,0,1e-06,10,0.005,5e-05,5e-07,0.8,0.1,0.1,90.294,0.033888
29,9,1000,0,1e-06,4,0.005,5e-05,5e-07,0.5,0.25,0.25,156.99,0.20713
30,9,1000,0,1e-06,4,0.005,5e-05,5e-07,0.6,0.2,0.2,76.927,0.15913
31,9,1000,0,1e-06,4,0.005,5e-05,5e-07,0.7,0.15,0.15,118.15,-0.024982
32,9,1000,0,1e-06,4,0.005,5e-05,5e-07,0.8,0.1,0.1,110.72,-0.4137
33,9,1000,0,1e-06,5,0.005,5e-05,5e-07,0.5,0.25,0.25,96.383,0.0018768
34,9,1000,0,1e-06,5,0.005,5e-05,5e-07,0.6,0.2,0.2,75.979,0.087068
35,9,1000,0,1e-06,5,0.005,5e-05,5e-07,0.7,0.15,0.15,39.262,0.67477
36,9,1000,0,1e-06,5,0.005,5e-05,5e-07,0.8,0.1,0.1,116.15,0.07733
37,9,1000,0,1e-06,6,0.005,5e-05,5e-07,0.5,0.25,0.25,171.93,0.01239
38,9,1000,0,1e-06,6,0.005,5e-05,5e-07,0.6,0.2,0.2,41.183,0.62083
39,9,1000,0,1e-06,6,0.005,5e-05,5e-07,0.7,0.15,0.15,91.387,-0.0069324
40,9,1000,0,1e-06,6,0.005,5e-05,5e-07,0.8,0.1,0.1,68.419,0.36799
41,9,1000,0,1e-06,7,0.005,5e-05,5e-07,0.5,0.25,0.25,61.205,0.43226
42,9,1000,0,1e-06,7,0.005,5e-05,5e-07,0.6,0.2,0.2,121.32,-0.065131
43,9,1000,0,1e-06,7,0.005,5e-05,5e-07,0.7,0.15,0.15,140.95,0.083163
44,9,1000,0,1e-06,7,0.005,5e-05,5e-07,0.8,0.1,0.1,31.841,0.69679
45,9,1000,0,1e-06,8,0.005,5e-05,5e-07,0.5,0.25,0.25,163.69,-0.086702
46,9,1000,0,1e-06,8,0.005,5e-05,5e-07,0.6,0.2,0.2,113.73,0.14498
47,9,1000,0,1e-06,8,0.005,5e-05,5e-07,0.7,0.15,0.15,134.48,0.22509
48,9,1000,0,1e-06,8,0.005,5e-05,5e-07,0.8,0.1,0.1,260.61,-0.38705
49,9,1000,0,1e-06,9,0.005,5e-05,5e-07,0.5,0.25,0.25,123.21,-0.045712
50,9,1000,0,1e-06,9,0.005,5e-05,5e-07,0.6,0.2,0.2,101.25,-0.11187
51,9,1000,0,1e-06,9,0.005,5e-05,5e-07,0.7,0.15,0.15,62.418,0.18068
52,9,1000,0,1e-06,9,0.005,5e-05,5e-07,0.8,0.1,0.1,57.952,0.39263
53,9,1000,0,1e-06,10,0.005,5e-05,5e-07,0.5,0.25,0.25,199.23,-0.20649
54,9,1000,0,1e-06,10,0.005,5e-05,5e-07,0.6,0.2,0.2,70.189,0.064022
55,9,1000,0,1e-06,10,0.005,5e-05,5e-07,0.7,0.15,0.15,68.141,0.18743
56,9,1000,0,1e-06,10,0.005,5e-05,5e-07,0.8,0.1,0.1,78.922,-0.16228
57,10,1000,0,1e-06,4,0.005,5e-05,5e-07,0.5,0.25,0.25,58.299,0.45058
58,10,1000,0,1e-06,4,0.005,5e-05,5e-07,0.6,0.2,0.2,137.1,-0.204
59,10,1000,0,1e-06,4,0.005,5e-05,5e-07,0.7,0.15,0.15,133.86,-0.17409
60,10,1000,0,1e-06,4,0.005,5e-05,5e-07,0.8,0.1,0.1,135.25,-0.07825
61,10,1000,0,1e-06,5,0.005,5e-05,5e-07,0.5,0.25,0.25,97.49,0.012353
62,10,1000,0,1e-06,5,0.005,5e-05,5e-07,0.6,0.2,0.2,84.461,0.273
63,10,1000,0,1e-06,5,0.005,5e-05,5e-07,0.7,0.15,0.15,204.98,-0.43915
64,10,1000,0,1e-06,5,0.005,5e-05,5e-07,0.8,0.1,0.1,78.054,0.16102
65,10,1000,0,1e-06,6,0.005,5e-05,5e-07,0.5,0.25,0.25,79.453,-0.068742
66,10,1000,0,1e-06,6,0.005,5e-05,5e-07,0.6,0.2,0.2,104.87,-0.67512
67,10,1000,0,1e-06,6,0.005,5e-05,5e-07,0.7,0.15,0.15,72.95,0.14082
68,10,1000,0,1e-06,6,0.005,5e-05,5e-07,0.8,0.1,0.1,317.99,-0.66438
69,10,1000,0,1e-06,7,0.005,5e-05,5e-07,0.5,0.25,0.25,762.18,-0.58435
70,10,1000,0,1e-06,7,0.005,5e-05,5e-07,0.6,0.2,0.2,208.98,0.39064
71,10,1000,0,1e-06,7,0.005,5e-05,5e-07,0.7,0.15,0.15,45.667,0.60193
72,10,1000,0,1e-06,7,0.005,5e-05,5e-07,0.8,0.1,0.1,304.43,-0.13014
73,10,1000,0,1e-06,8,0.005,5e-05,5e-07,0.5,0.25,0.25,167.67,-0.41345
74,10,1000,0,1e-06,8,0.005,5e-05,5e-07,0.6,0.2,0.2,120.91,-0.06841
75,10,1000,0,1e-06,8,0.005,5e-05,5e-07,0.7,0.15,0.15,84.202,0.075352
76,10,1000,0,1e-06,8,0.005,5e-05,5e-07,0.8,0.1,0.1,65.197,0.22657
77,10,1000,0,1e-06,9,0.005,5e-05,5e-07,0.5,0.25,0.25,40.988,0.67103
78,10,1000,0,1e-06,9,0.005,5e-05,5e-07,0.6,0.2,0.2,64.36,0.16015
79,10,1000,0,1e-06,9,0.005,5e-05,5e-07,0.7,0.15,0.15,59.358,0.38436
80,10,1000,0,1e-06,9,0.005,5e-05,5e-07,0.8,0.1,0.1,65.361,0.33821
81,10,1000,0,1e-06,10,0.005,5e-05,5e-07,0.5,0.25,0.25,199.47,-0.35916
82,10,1000,0,1e-06,10,0.005,5e-05,5e-07,0.6,0.2,0.2,131.67,-0.133
83,10,1000,0,1e-06,10,0.005,5e-05,5e-07,0.7,0.15,0.15,105.34,-0.46937
84,10,1000,0,1e-06,10,0.005,5e-05,5e-07,0.8,0.1,0.1,132.56,-0.21515
85,11,1000,0,1e-06,4,0.005,5e-05,5e-07,0.5,0.25,0.25,137.7,-0.40782
86,11,1000,0,1e-06,4,0.005,5e-05,5e-07,0.6,0.2,0.2,95.883,0.047967
87,11,1000,0,1e-06,4,0.005,5e-05,5e-07,0.7,0.15,0.15,82.158,0.2688
88,11,1000,0,1e-06,4,0.005,5e-05,5e-07,0.8,0.1,0.1,111.34,-0.042635
89,11,1000,0,1e-06,5,0.005,5e-05,5e-07,0.5,0.25,0.25,51.232,0.57898
90,11,1000,0,1e-06,5,0.005,5e-05,5e-07,0.6,0.2,0.2,81.285,-0.056999
91,11,1000,0,1e-06,5,0.005,5e-05,5e-07,0.7,0.15,0.15,57.339,0.43267
92,11,1000,0,1e-06,5,0.005,5e-05,5e-07,0.8,0.1,0.1,86.794,0.033356
93,11,1000,0,1e-06,6,0.005,5e-05,5e-07,0.5,0.25,0.25,72.214,0.18805
94,11,1000,0,1e-06,6,0.005,5e-05,5e-07,0.6,0.2,0.2,71.245,0.45712
95,11,1000,0,1e-06,6,0.005,5e-05,5e-07,0.7,0.15,0.15,61.664,0.37552
96,11,1000,0,1e-06,6,0.005,5e-05,5e-07,0.8,0.1,0.1,76.61,0.036427
97,11,1000,0,1e-06,7,0.005,5e-05,5e-07,0.5,0.25,0.25,54.325,0.33881
98,11,1000,0,1e-06,7,0.005,5e-05,5e-07,0.6,0.2,0.2,127.13,-0.27661
99,11,1000,0,1e-06,7,0.005,5e-05,5e-07,0.7,0.15,0.15,231.98,-0.13975
100,11,1000,0,1e-06,7,0.005,5e-05,5e-07,0.8,0.1,0.1,92.194,-0.2125
101,11,1000,0,1e-06,8,0.005,5e-05,5e-07,0.5,0.25,0.25,122.62,0.022667
102,11,1000,0,1e-06,8,0.005,5e-05,5e-07,0.6,0.2,0.2,110.71,-0.37971
103,11,1000,0,1e-06,8,0.005,5e-05,5e-07,0.7,0.15,0.15,71.104,0.14062
104,11,1000,0,1e-06,8,0.005,5e-05,5e-07,0.8,0.1,0.1,94.27,-0.14537
105,11,1000,0,1e-06,9,0.005,5e-05,5e-07,0.5,0.25,0.25,86.389,0.1881
106,11,1000,0,1e-06,9,0.005,5e-05,5e-07,0.6,0.2,0.2,67.764,0.19843
107,11,1000,0,1e-06,9,0.005,5e-05,5e-07,0.7,0.15,0.15,58.086,0.52662
108,11,1000,0,1e-06,9,0.005,5e-05,5e-07,0.8,0.1,0.1,102.1,-0.014633
109,11,1000,0,1e-06,10,0.005,5e-05,5e-07,0.5,0.25,0.25,34.393,0.66248
110,11,1000,0,1e-06,10,0.005,5e-05,5e-07,0.6,0.2,0.2,86.714,-0.10814
111,11,1000,0,1e-06,10,0.005,5e-05,5e-07,0.7,0.15,0.15,75.302,-0.067769
112,11,1000,0,1e-06,10,0.005,5e-05,5e-07,0.8,0.1,0.1,95.524,-0.012517
113,12,1000,0,1e-06,4,0.005,5e-05,5e-07,0.5,0.25,0.25,335.85,-0.63005
114,12,1000,0,1e-06,4,0.005,5e-05,5e-07,0.6,0.2,0.2,78.491,0.096946
115,12,1000,0,1e-06,4,0.005,5e-05,5e-07,0.7,0.15,0.15,160.13,-0.040882
116,12,1000,0,1e-06,4,0.005,5e-05,5e-07,0.8,0.1,0.1,73.712,-0.053226
117,12,1000,0,1e-06,5,0.005,5e-05,5e-07,0.5,0.25,0.25,79.986,-0.044238
118,12,1000,0,1e-06,5,0.005,5e-05,5e-07,0.6,0.2,0.2,214.76,-0.25625
119,12,1000,0,1e-06,5,0.005,5e-05,5e-07,0.7,0.15,0.15,42.185,0.72865
120,12,1000,0,1e-06,5,0.005,5e-05,5e-07,0.8,0.1,0.1,117.35,0.16938
121,12,1000,0,1e-06,6,0.005,5e-05,5e-07,0.5,0.25,0.25,69.789,0.058826
122,12,1000,0,1e-06,6,0.005,5e-05,5e-07,0.6,0.2,0.2,137.96,0.22566
123,12,1000,0,1e-06,6,0.005,5e-05,5e-07,0.7,0.15,0.15,142.3,0.063126
124,12,1000,0,1e-06,6,0.005,5e-05,5e-07,0.8,0.1,0.1,38.831,0.61953
125,12,1000,0,1e-06,7,0.005,5e-05,5e-07,0.5,0.25,0.25,190.97,-0.34786
126,12,1000,0,1e-06,7,0.005,5e-05,5e-07,0.6,0.2,0.2,47.636,0.57652
127,12,1000,0,1e-06,7,0.005,5e-05,5e-07,0.7,0.15,0.15,68.234,0.31763
128,12,1000,0,1e-06,7,0.005,5e-05,5e-07,0.8,0.1,0.1,124.66,0.11587
129,12,1000,0,1e-06,8,0.005,5e-05,5e-07,0.5,0.25,0.25,66.429,0.38524
130,12,1000,0,1e-06,8,0.005,5e-05,5e-07,0.6,0.2,0.2,82.214,0.052106
131,12,1000,0,1e-06,8,0.005,5e-05,5e-07,0.7,0.15,0.15,132.71,-0.22221
132,12,1000,0,1e-06,8,0.005,5e-05,5e-07,0.8,0.1,0.1,41.05,0.57761
133,12,1000,0,1e-06,9,0.005,5e-05,5e-07,0.5,0.25,0.25,105.25,-0.28134
134,12,1000,0,1e-06,9,0.005,5e-05,5e-07,0.6,0.2,0.2,120.75,0.13905
135,12,1000,0,1e-06,9,0.005,5e-05,5e-07,0.7,0.15,0.15,108.97,-0.070571
136,12,1000,0,1e-06,9,0.005,5e-05,5e-07,0.8,0.1,0.1,58.141,0.3769
137,12,1000,0,1e-06,10,0.005,5e-05,5e-07,0.5,0.25,0.25,88.726,-0.18262
138,12,1000,0,1e-06,10,0.005,5e-05,5e-07,0.6,0.2,0.2,68.973,0.33175
139,12,1000,0,1e-06,10,0.005,5e-05,5e-07,0.7,0.15,0.15,108.31,0.0159
140,12,1000,0,1e-06,10,0.005,5e-05,5e-07,0.8,0.1,0.1,53.34,0.46668
141,13,1000,0,1e-06,4,0.005,5e-05,5e-07,0.5,0.25,0.25,90.584,-0.21756
142,13,1000,0,1e-06,4,0.005,5e-05,5e-07,0.6,0.2,0.2,67.79,-0.045202
143,13,1000,0,1e-06,4,0.005,5e-05,5e-07,0.7,0.15,0.15,76.451,0.24965
144,13,1000,0,1e-06,4,0.005,5e-05,5e-07,0.8,0.1,0.1,84.143,0.19661
145,13,1000,0,1e-06,5,0.005,5e-05,5e-07,0.5,0.25,0.25,97.244,0.31853
146,13,1000,0,1e-06,5,0.005,5e-05,5e-07,0.6,0.2,0.2,348.29,-0.32236
147,13,1000,0,1e-06,5,0.005,5e-05,5e-07,0.7,0.15,0.15,168.77,-0.31124
148,13,1000,0,1e-06,5,0.005,5e-05,5e-07,0.8,0.1,0.1,45.717,0.56005
149,13,1000,0,1e-06,6,0.005,5e-05,5e-07,0.5,0.25,0.25,79.418,-0.13956
150,13,1000,0,1e-06,6,0.005,5e-05,5e-07,0.6,0.2,0.2,72.395,0.1355
151,13,1000,0,1e-06,6,0.005,5e-05,5e-07,0.7,0.15,0.15,71.106,-0.33105
152,13,1000,0,1e-06,6,0.005,5e-05,5e-07,0.8,0.1,0.1,194.97,-0.41585
153,13,1000,0,1e-06,7,0.005,5e-05,5e-07,0.5,0.25,0.25,84.123,-0.048788
154,13,1000,0,1e-06,7,0.005,5e-05,5e-07,0.6,0.2,0.2,67.259,0.63165
155,13,1000,0,1e-06,7,0.005,5e-05,5e-07,0.7,0.15,0.15,178.58,-0.21559
156,13,1000,0,1e-06,7,0.005,5e-05,5e-07,0.8,0.1,0.1,32.309,0.73865
157,13,1000,0,1e-06,8,0.005,5e-05,5e-07,0.5,0.25,0.25,161.13,-0.19403
158,13,1000,0,1e-06,8,0.005,5e-05,5e-07,0.6,0.2,0.2,198.95,-0.15309
159,13,1000,0,1e-06,8,0.005,5e-05,5e-07,0.7,0.15,0.15,90.705,0.064721
160,13,1000,0,1e-06,8,0.005,5e-05,5e-07,0.8,0.1,0.1,62.458,0.63096
161,13,1000,0,1e-06,9,0.005,5e-05,5e-07,0.5,0.25,0.25,136.06,-0.12834
162,13,1000,0,1e-06,9,0.005,5e-05,5e-07,0.6,0.2,0.2,94.257,0.0391
163,13,1000,0,1e-06,9,0.005,5e-05,5e-07,0.7,0.15,0.15,186.92,-0.41299
164,13,1000,0,1e-06,9,0.005,5e-05,5e-07,0.8,0.1,0.1,43.686,0.5452
165,13,1000,0,1e-06,10,0.005,5e-05,5e-07,0.5,0.25,0.25,39.384,0.65486
166,13,1000,0,1e-06,10,0.005,5e-05,5e-07,0.6,0.2,0.2,82.272,0.035594
167,13,1000,0,1e-06,10,0.005,5e-05,5e-07,0.7,0.15,0.15,395.97,-0.54211
168,13,1000,0,1e-06,10,0.005,5e-05,5e-07,0.8,0.1,0.1,96.708,0.1928
169,14,1000,0,1e-06,4,0.005,5e-05,5e-07,0.5,0.25,0.25,122.92,0.033315
170,14,1000,0,1e-06,4,0.005,5e-05,5e-07,0.6,0.2,0.2,77.068,0.27783
171,14,1000,0,1e-06,4,0.005,5e-05,5e-07,0.7,0.15,0.15,84.321,0.0094962
172,14,1000,0,1e-06,4,0.005,5e-05,5e-07,0.8,0.1,0.1,430.65,-0.56566
173,14,1000,0,1e-06,5,0.005,5e-05,5e-07,0.5,0.25,0.25,473.72,-0.25125
174,14,1000,0,1e-06,5,0.005,5e-05,5e-07,0.6,0.2,0.2,72.068,0.18706
175,14,1000,0,1e-06,5,0.005,5e-05,5e-07,0.7,0.15,0.15,33.023,0.68902
176,14,1000,0,1e-06,5,0.005,5e-05,5e-07,0.8,0.1,0.1,52.798,0.44059
177,14,1000,0,1e-06,6,0.005,5e-05,5e-07,0.5,0.25,0.25,160.33,-0.11945
178,14,1000,0,1e-06,6,0.005,5e-05,5e-07,0.6,0.2,0.2,195.56,-0.29364
179,14,1000,0,1e-06,6,0.005,5e-05,5e-07,0.7,0.15,0.15,108.28,0.085618
180,14,1000,0,1e-06,6,0.005,5e-05,5e-07,0.8,0.1,0.1,141.52,-0.28149
181,14,1000,0,1e-06,7,0.005,5e-05,5e-07,0.5,0.25,0.25,211.66,-0.26452
182,14,1000,0,1e-06,7,0.005,5e-05,5e-07,0.6,0.2,0.2,48.976,0.48776
183,14,1000,0,1e-06,7,0.005,5e-05,5e-07,0.7,0.15,0.15,101.64,-0.0296
184,14,1000,0,1e-06,7,0.005,5e-05,5e-07,0.8,0.1,0.1,103.64,0.1109
185,14,1000,0,1e-06,8,0.005,5e-05,5e-07,0.5,0.25,0.25,782.72,-0.33192
186,14,1000,0,1e-06,8,0.005,5e-05,5e-07,0.6,0.2,0.2,50.741,0.56004
187,14,1000,0,1e-06,8,0.005,5e-05,5e-07,0.7,0.15,0.15,147.52,0.14248
188,14,1000,0,1e-06,8,0.005,5e-05,5e-07,0.8,0.1,0.1,76.942,-0.036697
189,14,1000,0,1e-06,9,0.005,5e-05,5e-07,0.5,0.25,0.25,37.913,0.64942
190,14,1000,0,1e-06,9,0.005,5e-05,5e-07,0.6,0.2,0.2,233.61,-0.49375
191,14,1000,0,1e-06,9,0.005,5e-05,5e-07,0.7,0.15,0.15,94.395,0.21012
192,14,1000,0,1e-06,9,0.005,5e-05,5e-07,0.8,0.1,0.1,124.32,0.017707
193,14,1000,0,1e-06,10,0.005,5e-05,5e-07,0.5,0.25,0.25,202.62,-0.34427
194,14,1000,0,1e-06,10,0.005,5e-05,5e-07,0.6,0.2,0.2,118.49,0.29961
195,14,1000,0,1e-06,10,0.005,5e-05,5e-07,0.7,0.15,0.15,76.463,0.20691
196,14,1000,0,1e-06,10,0.005,5e-05,5e-07,0.8,0.1,0.1,36.19,0.64676
197,15,1000,0,1e-06,4,0.005,5e-05,5e-07,0.5,0.25,0.25,120.33,0.018461
198,15,1000,0,1e-06,4,0.005,5e-05,5e-07,0.6,0.2,0.2,70.387,0.48086
199,15,1000,0,1e-06,4,0.005,5e-05,5e-07,0.7,0.15,0.15,92.749,0.20867
200,15,1000,0,1e-06,4,0.005,5e-05,5e-07,0.8,0.1,0.1,68.283,0.12022
201,15,1000,0,1e-06,5,0.005,5e-05,5e-07,0.5,0.25,0.25,840.85,-0.38206
202,15,1000,0,1e-06,5,0.005,5e-05,5e-07,0.6,0.2,0.2,152.1,-0.27216
203,15,1000,0,1e-06,5,0.005,5e-05,5e-07,0.7,0.15,0.15,116.64,-0.035786
204,15,1000,0,1e-06,5,0.005,5e-05,5e-07,0.8,0.1,0.1,51.183,0.49281
205,15,1000,0,1e-06,6,0.005,5e-05,5e-07,0.5,0.25,0.25,43.663,0.60598
206,15,1000,0,1e-06,6,0.005,5e-05,5e-07,0.6,0.2,0.2,67.476,0.18452
207,15,1000,0,1e-06,6,0.005,5e-05,5e-07,0.7,0.15,0.15,68.623,0.49201
208,15,1000,0,1e-06,6,0.005,5e-05,5e-07,0.8,0.1,0.1,56.951,0.47186
209,15,1000,0,1e-06,7,0.005,5e-05,5e-07,0.5,0.25,0.25,55.279,0.39945
210,15,1000,0,1e-06,7,0.005,5e-05,5e-07,0.6,0.2,0.2,171.69,0.050259
211,15,1000,0,1e-06,7,0.005,5e-05,5e-07,0.7,0.15,0.15,65.392,0.55264
212,15,1000,0,1e-06,7,0.005,5e-05,5e-07,0.8,0.1,0.1,253.25,-0.38235
213,15,1000,0,1e-06,8,0.005,5e-05,5e-07,0.5,0.25,0.25,446.08,-0.48048
214,15,1000,0,1e-06,8,0.005,5e-05,5e-07,0.6,0.2,0.2,33.48,0.75166
215,15,1000,0,1e-06,8,0.005,5e-05,5e-07,0.7,0.15,0.15,201.62,-0.09273
216,15,1000,0,1e-06,8,0.005,5e-05,5e-07,0.8,0.1,0.1,61.557,0.51992
217,15,1000,0,1e-06,9,0.005,5e-05,5e-07,0.5,0.25,0.25,80.263,0.16153
218,15,1000,0,1e-06,9,0.005,5e-05,5e-07,0.6,0.2,0.2,682.35,-0.33361
219,15,1000,0,1e-06,9,0.005,5e-05,5e-07,0.7,0.15,0.15,78.937,-0.18391
220,15,1000,0,1e-06,9,0.005,5e-05,5e-07,0.8,0.1,0.1,30.324,0.71141
221,15,1000,0,1e-06,10,0.005,5e-05,5e-07,0.5,0.25,0.25,110.31,-0.28275
222,15,1000,0,1e-06,10,0.005,5e-05,5e-07,0.6,0.2,0.2,257.13,-0.40976
223,15,1000,0,1e-06,10,0.005,5e-05,5e-07,0.7,0.15,0.15,37.45,0.70343
224,15,1000,0,1e-06,10,0.005,5e-05,5e-07,0.8,0.1,0.1,119.34,0.26289
225,16,1000,0,1e-06,4,0.005,5e-05,5e-07,0.5,0.25,0.25,92.417,0.39297
226,16,1000,0,1e-06,4,0.005,5e-05,5e-07,0.6,0.2,0.2,74.922,0.1169
227,16,1000,0,1e-06,4,0.005,5e-05,5e-07,0.7,0.15,0.15,38.353,0.67082
228,16,1000,0,1e-06,4,0.005,5e-05,5e-07,0.8,0.1,0.1,61.998,0.41657
229,16,1000,0,1e-06,5,0.005,5e-05,5e-07,0.5,0.25,0.25,84.832,-0.1627
230,16,1000,0,1e-06,5,0.005,5e-05,5e-07,0.6,0.2,0.2,76.703,-0.0059254
231,16,1000,0,1e-06,5,0.005,5e-05,5e-07,0.7,0.15,0.15,118.23,-0.081118
232,16,1000,0,1e-06,5,0.005,5e-05,5e-07,0.8,0.1,0.1,145.3,-0.2604
233,16,1000,0,1e-06,6,0.005,5e-05,5e-07,0.5,0.25,0.25,91.802,0.51875
234,16,1000,0,1e-06,6,0.005,5e-05,5e-07,0.6,0.2,0.2,106.3,-0.052508
235,16,1000,0,1e-06,6,0.005,5e-05,5e-07,0.7,0.15,0.15,240.81,-0.13074
236,16,1000,0,1e-06,6,0.005,5e-05,5e-07,0.8,0.1,0.1,73.789,0.096022
237,16,1000,0,1e-06,7,0.005,5e-05,5e-07,0.5,0.25,0.25,70.083,0.31705
238,16,1000,0,1e-06,7,0.005,5e-05,5e-07,0.6,0.2,0.2,42.782,0.63149
239,16,1000,0,1e-06,7,0.005,5e-05,5e-07,0.7,0.15,0.15,127.31,-0.065812
240,16,1000,0,1e-06,7,0.005,5e-05,5e-07,0.8,0.1,0.1,167.41,-0.39476
241,16,1000,0,1e-06,8,0.005,5e-05,5e-07,0.5,0.25,0.25,70.971,0.38169
242,16,1000,0,1e-06,8,0.005,5e-05,5e-07,0.6,0.2,0.2,53.139,0.43355
243,16,1000,0,1e-06,8,0.005,5e-05,5e-07,0.7,0.15,0.15,69.027,0.43445
244,16,1000,0,1e-06,8,0.005,5e-05,5e-07,0.8,0.1,0.1,603.76,-0.36109
245,16,1000,0,1e-06,9,0.005,5e-05,5e-07,0.5,0.25,0.25,264.44,-0.039153
246,16,1000,0,1e-06,9,0.005,5e-05,5e-07,0.6,0.2,0.2,210.33,-0.0022942
247,16,1000,0,1e-06,9,0.005,5e-05,5e-07,0.7,0.15,0.15,46.891,0.58271
248,16,1000,0,1e-06,9,0.005,5e-05,5e-07,0.8,0.1,0.1,98.223,0.024827
249,16,1000,0,1e-06,10,0.005,5e-05,5e-07,0.5,0.25,0.25,64.182,0.66123
250,16,1000,0,1e-06,10,0.005,5e-05,5e-07,0.6,0.2,0.2,45.029,0.58897
251,16,1000,0,1e-06,10,0.005,5e-05,5e-07,0.7,0.15,0.15,132.58,0.47827
252,16,1000,0,1e-06,10,0.005,5e-05,5e-07,0.8,0.1,0.1,47.726,0.62365
253,17,1000,0,1e-06,4,0.005,5e-05,5e-07,0.5,0.25,0.25,96.664,0.10685
254,17,1000,0,1e-06,4,0.005,5e-05,5e-07,0.6,0.2,0.2,60.141,0.25216
255,17,1000,0,1e-06,4,0.005,5e-05,5e-07,0.7,0.15,0.15,144.33,0.045634
256,17,1000,0,1e-06,4,0.005,5e-05,5e-07,0.8,0.1,0.1,76.397,0.24229
257,17,1000,0,1e-06,5,0.005,5e-05,5e-07,0.5,0.25,0.25,146.95,-0.44592
258,17,1000,0,1e-06,5,0.005,5e-05,5e-07,0.6,0.2,0.2,49.064,0.44343
259,17,1000,0,1e-06,5,0.005,5e-05,5e-07,0.7,0.15,0.15,204.76,-0.022892
260,17,1000,0,1e-06,5,0.005,5e-05,5e-07,0.8,0.1,0.1,111.71,0.4783
261,17,1000,0,1e-06,6,0.005,5e-05,5e-07,0.5,0.25,0.25,72.639,0.14279
262,17,1000,0,1e-06,6,0.005,5e-05,5e-07,0.6,0.2,0.2,139.69,-0.15476
263,17,1000,0,1e-06,6,0.005,5e-05,5e-07,0.7,0.15,0.15,113.96,-0.19177
264,17,1000,0,1e-06,6,0.005,5e-05,5e-07,0.8,0.1,0.1,43.603,0.58804
265,17,1000,0,1e-06,7,0.005,5e-05,5e-07,0.5,0.25,0.25,102.72,0.044825
266,17,1000,0,1e-06,7,0.005,5e-05,5e-07,0.6,0.2,0.2,130.15,-0.24013
267,17,1000,0,1e-06,7,0.005,5e-05,5e-07,0.7,0.15,0.15,462.02,-0.37264
268,17,1000,0,1e-06,7,0.005,5e-05,5e-07,0.8,0.1,0.1,92.909,0.11379
269,17,1000,0,1e-06,8,0.005,5e-05,5e-07,0.5,0.25,0.25,137.47,-0.21624
270,17,1000,0,1e-06,8,0.005,5e-05,5e-07,0.6,0.2,0.2,46.846,0.56846
271,17,1000,0,1e-06,8,0.005,5e-05,5e-07,0.7,0.15,0.15,142.66,-0.291
272,17,1000,0,1e-06,8,0.005,5e-05,5e-07,0.8,0.1,0.1,45.694,0.58047
273,17,1000,0,1e-06,9,0.005,5e-05,5e-07,0.5,0.25,0.25,263.79,-0.032463
274,17,1000,0,1e-06,9,0.005,5e-05,5e-07,0.6,0.2,0.2,70.347,0.065309
275,17,1000,0,1e-06,9,0.005,5e-05,5e-07,0.7,0.15,0.15,119.61,-0.30132
276,17,1000,0,1e-06,9,0.005,5e-05,5e-07,0.8,0.1,0.1,78.295,0.26448
277,17,1000,0,1e-06,10,0.005,5e-05,5e-07,0.5,0.25,0.25,96.252,0.003636
278,17,1000,0,1e-06,10,0.005,5e-05,5e-07,0.6,0.2,0.2,65.994,0.24787
279,17,1000,0,1e-06,10,0.005,5e-05,5e-07,0.7,0.15,0.15,99.029,0.38142
280,17,1000,0,1e-06,10,0.005,5e-05,5e-07,0.8,0.1,0.1,55.93,0.5821
281,18,1000,0,1e-06,4,0.005,5e-05,5e-07,0.5,0.25,0.25,60.634,0.34971
282,18,1000,0,1e-06,4,0.005,5e-05,5e-07,0.6,0.2,0.2,50.106,0.65682
283,18,1000,0,1e-06,4,0.005,5e-05,5e-07,0.7,0.15,0.15,221.99,0.053873
284,18,1000,0,1e-06,4,0.005,5e-05,5e-07,0.8,0.1,0.1,38.889,0.60351
285,18,1000,0,1e-06,5,0.005,5e-05,5e-07,0.5,0.25,0.25,127.68,0.27399
286,18,1000,0,1e-06,5,0.005,5e-05,5e-07,0.6,0.2,0.2,61.155,0.49006
287,18,1000,0,1e-06,5,0.005,5e-05,5e-07,0.7,0.15,0.15,133.82,0.16315
288,18,1000,0,1e-06,5,0.005,5e-05,5e-07,0.8,0.1,0.1,75.023,0.11624
289,18,1000,0,1e-06,6,0.005,5e-05,5e-07,0.5,0.25,0.25,113.05,-0.0095846
290,18,1000,0,1e-06,6,0.005,5e-05,5e-07,0.6,0.2,0.2,294.68,-0.18882
291,18,1000,0,1e-06,6,0.005,5e-05,5e-07,0.7,0.15,0.15,99.905,-0.23419
292,18,1000,0,1e-06,6,0.005,5e-05,5e-07,0.8,0.1,0.1,126.91,-0.087359
293,18,1000,0,1e-06,7,0.005,5e-05,5e-07,0.5,0.25,0.25,72.941,-0.10451
294,18,1000,0,1e-06,7,0.005,5e-05,5e-07,0.6,0.2,0.2,163.53,-0.39234
295,18,1000,0,1e-06,7,0.005,5e-05,5e-07,0.7,0.15,0.15,82.092,0.38194
296,18,1000,0,1e-06,7,0.005,5e-05,5e-07,0.8,0.1,0.1,380.93,-0.21294
297,18,1000,0,1e-06,8,0.005,5e-05,5e-07,0.5,0.25,0.25,444.27,-0.43207
298,18,1000,0,1e-06,8,0.005,5e-05,5e-07,0.6,0.2,0.2,84.133,-0.0020835
299,18,1000,0,1e-06,8,0.005,5e-05,5e-07,0.7,0.15,0.15,52.916,0.42002
300,18,1000,0,1e-06,8,0.005,5e-05,5e-07,0.8,0.1,0.1,423.64,-0.36747
301,18,1000,0,1e-06,9,0.005,5e-05,5e-07,0.5,0.25,0.25,237.75,-0.28945
302,18,1000,0,1e-06,9,0.005,5e-05,5e-07,0.6,0.2,0.2,65.007,0.25719
303,18,1000,0,1e-06,9,0.005,5e-05,5e-07,0.7,0.15,0.15,380.67,-0.16481
304,18,1000,0,1e-06,9,0.005,5e-05,5e-07,0.8,0.1,0.1,50.65,0.51224
305,18,1000,0,1e-06,10,0.005,5e-05,5e-07,0.5,0.25,0.25,64.382,0.42625
306,18,1000,0,1e-06,10,0.005,5e-05,5e-07,0.6,0.2,0.2,257.55,-0.076278
307,18,1000,0,1e-06,10,0.005,5e-05,5e-07,0.7,0.15,0.15,94.31,0.43898
308,18,1000,0,1e-06,10,0.005,5e-05,5e-07,0.8,0.1,0.1,63.641,0.20052
309,19,1000,0,1e-06,4,0.005,5e-05,5e-07,0.5,0.25,0.25,67.586,0.23274
310,19,1000,0,1e-06,4,0.005,5e-05,5e-07,0.6,0.2,0.2,170.9,-0.31797
311,19,1000,0,1e-06,4,0.005,5e-05,5e-07,0.7,0.15,0.15,72.727,0.26419
312,19,1000,0,1e-06,4,0.005,5e-05,5e-07,0.8,0.1,0.1,163.83,-0.098068
313,19,1000,0,1e-06,5,0.005,5e-05,5e-07,0.5,0.25,0.25,131.16,-0.1408
314,19,1000,0,1e-06,5,0.005,5e-05,5e-07,0.6,0.2,0.2,111.78,0.23698
315,19,1000,0,1e-06,5,0.005,5e-05,5e-07,0.7,0.15,0.15,89.68,0.27656
316,19,1000,0,1e-06,5,0.005,5e-05,5e-07,0.8,0.1,0.1,96.301,0.38883
317,19,1000,0,1e-06,6,0.005,5e-05,5e-07,0.5,0.25,0.25,35.178,0.70251
318,19,1000,0,1e-06,6,0.005,5e-05,5e-07,0.6,0.2,0.2,52.763,0.39351
319,19,1000,0,1e-06,6,0.005,5e-05,5e-07,0.7,0.15,0.15,213.66,0.040322
320,19,1000,0,1e-06,6,0.005,5e-05,5e-07,0.8,0.1,0.1,116.3,0.24059
321,19,1000,0,1e-06,7,0.005,5e-05,5e-07,0.5,0.25,0.25,415.27,-0.74477
322,19,1000,0,1e-06,7,0.005,5e-05,5e-07,0.6,0.2,0.2,68.393,0.29659
323,19,1000,0,1e-06,7,0.005,5e-05,5e-07,0.7,0.15,0.15,88.605,0.4071
324,19,1000,0,1e-06,7,0.005,5e-05,5e-07,0.8,0.1,0.1,67.953,0.42234
325,19,1000,0,1e-06,8,0.005,5e-05,5e-07,0.5,0.25,0.25,233.63,-0.13499
326,19,1000,0,1e-06,8,0.005,5e-05,5e-07,0.6,0.2,0.2,124.11,0.075311
327,19,1000,0,1e-06,8,0.005,5e-05,5e-07,0.7,0.15,0.15,291.89,-0.63379
328,19,1000,0,1e-06,8,0.005,5e-05,5e-07,0.8,0.1,0.1,113.55,-0.034893
329,19,1000,0,1e-06,9,0.005,5e-05,5e-07,0.5,0.25,0.25,129.57,0.080535
330,19,1000,0,1e-06,9,0.005,5e-05,5e-07,0.6,0.2,0.2,234.85,-0.023874
331,19,1000,0,1e-06,9,0.005,5e-05,5e-07,0.7,0.15,0.15,191.5,-0.087891
332,19,1000,0,1e-06,9,0.005,5e-05,5e-07,0.8,0.1,0.1,508.41,0.045921
333,19,1000,0,1e-06,10,0.005,5e-05,5e-07,0.5,0.25,0.25,53.475,0.4444
334,19,1000,0,1e-06,10,0.005,5e-05,5e-07,0.6,0.2,0.2,38.96,0.6455
335,19,1000,0,1e-06,10,0.005,5e-05,5e-07,0.7,0.15,0.15,92.493,-0.022385
336,19,1000,0,1e-06,10,0.005,5e-05,5e-07,0.8,0.1,0.1,63.9,0.27084
337,20,1000,0,1e-06,4,0.005,5e-05,5e-07,0.5,0.25,0.25,217.46,-0.39252
338,20,1000,0,1e-06,4,0.005,5e-05,5e-07,0.6,0.2,0.2,119,-0.49145
339,20,1000,0,1e-06,4,0.005,5e-05,5e-07,0.7,0.15,0.15,201.79,-0.038376
340,20,1000,0,1e-06,4,0.005,5e-05,5e-07,0.8,0.1,0.1,811.93,0.058697
341,20,1000,0,1e-06,5,0.005,5e-05,5e-07,0.5,0.25,0.25,38.813,0.62225
342,20,1000,0,1e-06,5,0.005,5e-05,5e-07,0.6,0.2,0.2,48.083,0.6353
343,20,1000,0,1e-06,5,0.005,5e-05,5e-07,0.7,0.15,0.15,195.46,0.052534
344,20,1000,0,1e-06,5,0.005,5e-05,5e-07,0.8,0.1,0.1,511.69,-0.28906
345,20,1000,0,1e-06,6,0.005,5e-05,5e-07,0.5,0.25,0.25,129.07,0.010143
346,20,1000,0,1e-06,6,0.005,5e-05,5e-07,0.6,0.2,0.2,141.7,0.31202
347,20,1000,0,1e-06,6,0.005,5e-05,5e-07,0.7,0.15,0.15,36.386,0.7522
348,20,1000,0,1e-06,6,0.005,5e-05,5e-07,0.8,0.1,0.1,103.09,0.23049
349,20,1000,0,1e-06,7,0.005,5e-05,5e-07,0.5,0.25,0.25,43.585,0.61389
350,20,1000,0,1e-06,7,0.005,5e-05,5e-07,0.6,0.2,0.2,263.69,0.091001
351,20,1000,0,1e-06,7,0.005,5e-05,5e-07,0.7,0.15,0.15,49.983,0.49148
352,20,1000,0,1e-06,7,0.005,5e-05,5e-07,0.8,0.1,0.1,238.28,-0.24339
353,20,1000,0,1e-06,8,0.005,5e-05,5e-07,0.5,0.25,0.25,116.54,0.25298
354,20,1000,0,1e-06,8,0.005,5e-05,5e-07,0.6,0.2,0.2,89.503,0.33502
355,20,1000,0,1e-06,8,0.005,5e-05,5e-07,0.7,0.15,0.15,63.746,0.3618
356,20,1000,0,1e-06,8,0.005,5e-05,5e-07,0.8,0.1,0.1,143.19,-0.15121
357,20,1000,0,1e-06,9,0.005,5e-05,5e-07,0.5,0.25,0.25,29.844,0.7173
358,20,1000,0,1e-06,9,0.005,5e-05,5e-07,0.6,0.2,0.2,102.42,0.17667
359,20,1000,0,1e-06,9,0.005,5e-05,5e-07,0.7,0.15,0.15,278.96,-0.24889
360,20,1000,0,1e-06,9,0.005,5e-05,5e-07,0.8,0.1,0.1,330.39,-0.38954
361,20,1000,0,1e-06,10,0.005,5e-05,5e-07,0.5,0.25,0.25,92.574,0.30902
362,20,1000,0,1e-06,10,0.005,5e-05,5e-07,0.6,0.2,0.2,38.974,0.6089
363,20,1000,0,1e-06,10,0.005,5e-05,5e-07,0.7,0.15,0.15,51.1,0.54953
364,20,1000,0,1e-06,10,0.005,5e-05,5e-07,0.8,0.1,0.1,167.51,-0.36125
365,21,1000,0,1e-06,4,0.005,5e-05,5e-07,0.5,0.25,0.25,150.68,0.11696
366,21,1000,0,1e-06,4,0.005,5e-05,5e-07,0.6,0.2,0.2,141.67,-0.21613
367,21,1000,0,1e-06,4,0.005,5e-05,5e-07,0.7,0.15,0.15,68.024,0.47489
368,21,1000,0,1e-06,4,0.005,5e-05,5e-07,0.8,0.1,0.1,53.424,0.62709
369,21,1000,0,1e-06,5,0.005,5e-05,5e-07,0.5,0.25,0.25,246.35,0.1501
370,21,1000,0,1e-06,5,0.005,5e-05,5e-07,0.6,0.2,0.2,95.377,-0.12239
371,21,1000,0,1e-06,5,0.005,5e-05,5e-07,0.7,0.15,0.15,181.62,-0.24433
372,21,1000,0,1e-06,5,0.005,5e-05,5e-07,0.8,0.1,0.1,156.72,0.019055
373,21,1000,0,1e-06,6,0.005,5e-05,5e-07,0.5,0.25,0.25,291.09,-0.45728
374,21,1000,0,1e-06,6,0.005,5e-05,5e-07,0.6,0.2,0.2,141.15,0.051168
375,21,1000,0,1e-06,6,0.005,5e-05,5e-07,0.7,0.15,0.15,180.25,-0.26421
376,21,1000,0,1e-06,6,0.005,5e-05,5e-07,0.8,0.1,0.1,86.473,-0.43392
377,21,1000,0,1e-06,7,0.005,5e-05,5e-07,0.5,0.25,0.25,198.69,-0.34276
378,21,1000,0,1e-06,7,0.005,5e-05,5e-07,0.6,0.2,0.2,101.23,0.065468
379,21,1000,0,1e-06,7,0.005,5e-05,5e-07,0.7,0.15,0.15,183.91,-0.12348
380,21,1000,0,1e-06,7,0.005,5e-05,5e-07,0.8,0.1,0.1,244.9,-0.27202
381,21,1000,0,1e-06,8,0.005,5e-05,5e-07,0.5,0.25,0.25,116.6,-0.056134
382,21,1000,0,1e-06,8,0.005,5e-05,5e-07,0.6,0.2,0.2,183.77,-0.069609
383,21,1000,0,1e-06,8,0.005,5e-05,5e-07,0.7,0.15,0.15,55.572,0.57683
384,21,1000,0,1e-06,8,0.005,5e-05,5e-07,0.8,0.1,0.1,130.81,-0.080506
385,21,1000,0,1e-06,9,0.005,5e-05,5e-07,0.5,0.25,0.25,96.279,0.064478
386,21,1000,0,1e-06,9,0.005,5e-05,5e-07,0.6,0.2,0.2,44.865,0.61921
387,21,1000,0,1e-06,9,0.005,5e-05,5e-07,0.7,0.15,0.15,447.33,-0.25434
388,21,1000,0,1e-06,9,0.005,5e-05,5e-07,0.8,0.1,0.1,85.314,0.11477
389,21,1000,0,1e-06,10,0.005,5e-05,5e-07,0.5,0.25,0.25,80.196,0.34258
390,21,1000,0,1e-06,10,0.005,5e-05,5e-07,0.6,0.2,0.2,41.808,0.59218
391,21,1000,0,1e-06,10,0.005,5e-05,5e-07,0.7,0.15,0.15,89.573,0.0072755
392,21,1000,0,1e-06,10,0.005,5e-05,5e-07,0.8,0.1,0.1,210.96,-0.36019
393,22,1000,0,1e-06,4,0.005,5e-05,5e-07,0.5,0.25,0.25,237.89,-0.26975
394,22,1000,0,1e-06,4,0.005,5e-05,5e-07,0.6,0.2,0.2,50.445,0.54726
395,22,1000,0,1e-06,4,0.005,5e-05,5e-07,0.7,0.15,0.15,42.552,0.65741
396,22,1000,0,1e-06,4,0.005,5e-05,5e-07,0.8,0.1,0.1,87.586,0.18979
397,22,1000,0,1e-06,5,0.005,5e-05,5e-07,0.5,0.25,0.25,78.904,0.20635
398,22,1000,0,1e-06,5,0.005,5e-05,5e-07,0.6,0.2,0.2,116.18,0.010039
399,22,1000,0,1e-06,5,0.005,5e-05,5e-07,0.7,0.15,0.15,548.39,-0.10451
400,22,1000,0,1e-06,5,0.005,5e-05,5e-07,0.8,0.1,0.1,108.56,0.55792
401,22,1000,0,1e-06,6,0.005,5e-05,5e-07,0.5,0.25,0.25,349.79,-0.67756
402,22,1000,0,1e-06,6,0.005,5e-05,5e-07,0.6,0.2,0.2,269.21,-0.47477
403,22,1000,0,1e-06,6,0.005,5e-05,5e-07,0.7,0.15,0.15,111.15,0.31479
404,22,1000,0,1e-06,6,0.005,5e-05,5e-07,0.8,0.1,0.1,263.91,-0.33003
405,22,1000,0,1e-06,7,0.005,5e-05,5e-07,0.5,0.25,0.25,142.78,-0.23233
406,22,1000,0,1e-06,7,0.005,5e-05,5e-07,0.6,0.2,0.2,114.76,0.17415
407,22,1000,0,1e-06,7,0.005,5e-05,5e-07,0.7,0.15,0.15,60.25,0.3263
408,22,1000,0,1e-06,7,0.005,5e-05,5e-07,0.8,0.1,0.1,105.57,0.23613
409,22,1000,0,1e-06,8,0.005,5e-05,5e-07,0.5,0.25,0.25,306.11,-0.24519
410,22,1000,0,1e-06,8,0.005,5e-05,5e-07,0.6,0.2,0.2,269.38,-0.13318
411,22,1000,0,1e-06,8,0.005,5e-05,5e-07,0.7,0.15,0.15,219.23,-0.15988
412,22,1000,0,1e-06,8,0.005,5e-05,5e-07,0.8,0.1,0.1,82.547,0.36998
413,22,1000,0,1e-06,9,0.005,5e-05,5e-07,0.5,0.25,0.25,92.816,0.022413
414,22,1000,0,1e-06,9,0.005,5e-05,5e-07,0.6,0.2,0.2,128.18,-0.19691
415,22,1000,0,1e-06,9,0.005,5e-05,5e-07,0.7,0.15,0.15,97.461,0.21366
416,22,1000,0,1e-06,9,0.005,5e-05,5e-07,0.8,0.1,0.1,88.164,0.20018
417,22,1000,0,1e-06,10,0.005,5e-05,5e-07,0.5,0.25,0.25,217.1,-0.17082
418,22,1000,0,1e-06,10,0.005,5e-05,5e-07,0.6,0.2,0.2,277.55,-0.26987
419,22,1000,0,1e-06,10,0.005,5e-05,5e-07,0.7,0.15,0.15,128.81,-0.27214
420,22,1000,0,1e-06,10,0.005,5e-05,5e-07,0.8,0.1,0.1,42.406,0.61587
421,23,1000,0,1e-06,4,0.005,5e-05,5e-07,0.5,0.25,0.25,124.08,0.38388
422,23,1000,0,1e-06,4,0.005,5e-05,5e-07,0.6,0.2,0.2,96.155,0.4536
423,23,1000,0,1e-06,4,0.005,5e-05,5e-07,0.7,0.15,0.15,25.085,0.77779
424,23,1000,0,1e-06,4,0.005,5e-05,5e-07,0.8,0.1,0.1,264.73,-0.25674
425,23,1000,0,1e-06,5,0.005,5e-05,5e-07,0.5,0.25,0.25,138.92,0.017882
426,23,1000,0,1e-06,5,0.005,5e-05,5e-07,0.6,0.2,0.2,158.07,-0.22512
427,23,1000,0,1e-06,5,0.005,5e-05,5e-07,0.7,0.15,0.15,199.44,-0.1603
428,23,1000,0,1e-06,5,0.005,5e-05,5e-07,0.8,0.1,0.1,281.74,-0.15984
429,23,1000,0,1e-06,6,0.005,5e-05,5e-07,0.5,0.25,0.25,86.891,0.45534
430,23,1000,0,1e-06,6,0.005,5e-05,5e-07,0.6,0.2,0.2,111.8,0.2335
431,23,1000,0,1e-06,6,0.005,5e-05,5e-07,0.7,0.15,0.15,839.83,-0.38443
432,23,1000,0,1e-06,6,0.005,5e-05,5e-07,0.8,0.1,0.1,29.709,0.75453
433,23,1000,0,1e-06,7,0.005,5e-05,5e-07,0.5,0.25,0.25,68.573,0.22526
434,23,1000,0,1e-06,7,0.005,5e-05,5e-07,0.6,0.2,0.2,46.541,0.5376
435,23,1000,0,1e-06,7,0.005,5e-05,5e-07,0.7,0.15,0.15,49.482,0.43356
436,23,1000,0,1e-06,7,0.005,5e-05,5e-07,0.8,0.1,0.1,371.88,0.26488
437,23,1000,0,1e-06,8,0.005,5e-05,5e-07,0.5,0.25,0.25,210,0.14882
438,23,1000,0,1e-06,8,0.005,5e-05,5e-07,0.6,0.2,0.2,211.16,0.1567
439,23,1000,0,1e-06,8,0.005,5e-05,5e-07,0.7,0.15,0.15,43.238,0.57359
440,23,1000,0,1e-06,8,0.005,5e-05,5e-07,0.8,0.1,0.1,117.41,-0.029547
441,23,1000,0,1e-06,9,0.005,5e-05,5e-07,0.5,0.25,0.25,95.892,0.25871
442,23,1000,0,1e-06,9,0.005,5e-05,5e-07,0.6,0.2,0.2,162.34,0.068666
443,23,1000,0,1e-06,9,0.005,5e-05,5e-07,0.7,0.15,0.15,74.028,0.34342
444,23,1000,0,1e-06,9,0.005,5e-05,5e-07,0.8,0.1,0.1,454.22,-0.23503
445,23,1000,0,1e-06,10,0.005,5e-05,5e-07,0.5,0.25,0.25,163.22,0.043138
446,23,1000,0,1e-06,10,0.005,5e-05,5e-07,0.6,0.2,0.2,102.77,0.42901
447,23,1000,0,1e-06,10,0.005,5e-05,5e-07,0.7,0.15,0.15,52.522,0.6368
448,23,1000,0,1e-06,10,0.005,5e-05,5e-07,0.8,0.1,0.1,133.07,0.13105
449,24,1000,0,1e-06,4,0.005,5e-05,5e-07,0.5,0.25,0.25,146.88,-0.2301
450,24,1000,0,1e-06,4,0.005,5e-05,5e-07,0.6,0.2,0.2,64.48,0.36746
451,24,1000,0,1e-06,4,0.005,5e-05,5e-07,0.7,0.15,0.15,61.1,0.3498
452,24,1000,0,1e-06,4,0.005,5e-05,5e-07,0.8,0.1,0.1,993.84,-0.44739
453,24,1000,0,1e-06,5,0.005,5e-05,5e-07,0.5,0.25,0.25,95.277,0.2135
454,24,1000,0,1e-06,5,0.005,5e-05,5e-07,0.6,0.2,0.2,236.34,-0.11871
455,24,1000,0,1e-06,5,0.005,5e-05,5e-07,0.7,0.15,0.15,135.53,-0.23286
456,24,1000,0,1e-06,5,0.005,5e-05,5e-07,0.8,0.1,0.1,100.33,0.012223
457,24,1000,0,1e-06,6,0.005,5e-05,5e-07,0.5,0.25,0.25,278.08,-0.59
458,24,1000,0,1e-06,6,0.005,5e-05,5e-07,0.6,0.2,0.2,103.24,0.29809
459,24,1000,0,1e-06,6,0.005,5e-05,5e-07,0.7,0.15,0.15,52.864,0.68421
460,24,1000,0,1e-06,6,0.005,5e-05,5e-07,0.8,0.1,0.1,60.368,0.39798
461,24,1000,0,1e-06,7,0.005,5e-05,5e-07,0.5,0.25,0.25,196.61,0.0054786
462,24,1000,0,1e-06,7,0.005,5e-05,5e-07,0.6,0.2,0.2,245.74,0.17465
463,24,1000,0,1e-06,7,0.005,5e-05,5e-07,0.7,0.15,0.15,161.88,-0.097529
464,24,1000,0,1e-06,7,0.005,5e-05,5e-07,0.8,0.1,0.1,141.71,-0.18892
465,24,1000,0,1e-06,8,0.005,5e-05,5e-07,0.5,0.25,0.25,249.7,-0.35753
466,24,1000,0,1e-06,8,0.005,5e-05,5e-07,0.6,0.2,0.2,428.92,-0.32864
467,24,1000,0,1e-06,8,0.005,5e-05,5e-07,0.7,0.15,0.15,93.034,0.035965
468,24,1000,0,1e-06,8,0.005,5e-05,5e-07,0.8,0.1,0.1,97.714,0.47196
469,24,1000,0,1e-06,9,0.005,5e-05,5e-07,0.5,0.25,0.25,186.63,0.02993
470,24,1000,0,1e-06,9,0.005,5e-05,5e-07,0.6,0.2,0.2,235.97,-0.55789
471,24,1000,0,1e-06,9,0.005,5e-05,5e-07,0.7,0.15,0.15,51.604,0.46487
472,24,1000,0,1e-06,9,0.005,5e-05,5e-07,0.8,0.1,0.1,71.629,0.20137
473,24,1000,0,1e-06,10,0.005,5e-05,5e-07,0.5,0.25,0.25,333.63,-0.073512
474,24,1000,0,1e-06,10,0.005,5e-05,5e-07,0.6,0.2,0.2,156.71,0.26555
475,24,1000,0,1e-06,10,0.005,5e-05,5e-07,0.7,0.15,0.15,134.82,-0.027932
476,24,1000,0,1e-06,10,0.005,5e-05,5e-07,0.8,0.1,0.1,287.83,-0.1516
477,25,1000,0,1e-06,4,0.005,5e-05,5e-07,0.5,0.25,0.25,178.35,-0.51921
478,25,1000,0,1e-06,4,0.005,5e-05,5e-07,0.6,0.2,0.2,76.446,0.17795
479,25,1000,0,1e-06,4,0.005,5e-05,5e-07,0.7,0.15,0.15,52.553,0.42647
480,25,1000,0,1e-06,4,0.005,5e-05,5e-07,0.8,0.1,0.1,40.259,0.60115
481,25,1000,0,1e-06,5,0.005,5e-05,5e-07,0.5,0.25,0.25,146.81,-0.20247
482,25,1000,0,1e-06,5,0.005,5e-05,5e-07,0.6,0.2,0.2,305.88,-0.21799
483,25,1000,0,1e-06,5,0.005,5e-05,5e-07,0.7,0.15,0.15,257.7,-0.015407
484,25,1000,0,1e-06,5,0.005,5e-05,5e-07,0.8,0.1,0.1,213.85,-0.21451
485,25,1000,0,1e-06,6,0.005,5e-05,5e-07,0.5,0.25,0.25,66.4,0.42568
486,25,1000,0,1e-06,6,0.005,5e-05,5e-07,0.6,0.2,0.2,65.572,0.38686
487,25,1000,0,1e-06,6,0.005,5e-05,5e-07,0.7,0.15,0.15,199.99,-0.38352
488,25,1000,0,1e-06,6,0.005,5e-05,5e-07,0.8,0.1,0.1,68.89,0.42554
489,25,1000,0,1e-06,7,0.005,5e-05,5e-07,0.5,0.25,0.25,123.45,-0.16814
490,25,1000,0,1e-06,7,0.005,5e-05,5e-07,0.6,0.2,0.2,200.82,0.13329
491,25,1000,0,1e-06,7,0.005,5e-05,5e-07,0.7,0.15,0.15,78.173,0.59033
492,25,1000,0,1e-06,7,0.005,5e-05,5e-07,0.8,0.1,0.1,60.013,0.40399
493,25,1000,0,1e-06,8,0.005,5e-05,5e-07,0.5,0.25,0.25,54.64,0.49488
494,25,1000,0,1e-06,8,0.005,5e-05,5e-07,0.6,0.2,0.2,177.39,0.11868
495,25,1000,0,1e-06,8,0.005,5e-05,5e-07,0.7,0.15,0.15,70.98,0.31909
496,25,1000,0,1e-06,8,0.005,5e-05,5e-07,0.8,0.1,0.1,70.918,0.39117
497,25,1000,0,1e-06,9,0.005,5e-05,5e-07,0.5,0.25,0.25,204.66,-0.079271
498,25,1000,0,1e-06,9,0.005,5e-05,5e-07,0.6,0.2,0.2,170.13,-0.076055
499,25,1000,0,1e-06,9,0.005,5e-05,5e-07,0.7,0.15,0.15,139.86,-0.20481
500,25,1000,0,1e-06,9,0.005,5e-05,5e-07,0.8,0.1,0.1,141.67,-0.15041
501,25,1000,0,1e-06,10,0.005,5e-05,5e-07,0.5,0.25,0.25,82.846,0.34078
502,25,1000,0,1e-06,10,0.005,5e-05,5e-07,0.6,0.2,0.2,309.65,0.25576
503,25,1000,0,1e-06,10,0.005,5e-05,5e-07,0.7,0.15,0.15,103.06,0.55626
504,25,1000,0,1e-06,10,0.005,5e-05,5e-07,0.8,0.1,0.1,204.58,0.060754
505,26,1000,0,1e-06,4,0.005,5e-05,5e-07,0.5,0.25,0.25,92.537,-0.14255
506,26,1000,0,1e-06,4,0.005,5e-05,5e-07,0.6,0.2,0.2,352.38,-0.44948
507,26,1000,0,1e-06,4,0.005,5e-05,5e-07,0.7,0.15,0.15,209.64,-0.078643
508,26,1000,0,1e-06,4,0.005,5e-05,5e-07,0.8,0.1,0.1,131.49,0.25855
509,26,1000,0,1e-06,5,0.005,5e-05,5e-07,0.5,0.25,0.25,161.68,-0.34716
510,26,1000,0,1e-06,5,0.005,5e-05,5e-07,0.6,0.2,0.2,33.29,0.68211
511,26,1000,0,1e-06,5,0.005,5e-05,5e-07,0.7,0.15,0.15,107.33,-0.14005
512,26,1000,0,1e-06,5,0.005,5e-05,5e-07,0.8,0.1,0.1,191.17,-0.069472
513,26,1000,0,1e-06,6,0.005,5e-05,5e-07,0.5,0.25,0.25,181.53,-0.19658
514,26,1000,0,1e-06,6,0.005,5e-05,5e-07,0.6,0.2,0.2,350.88,-0.26619
515,26,1000,0,1e-06,6,0.005,5e-05,5e-07,0.7,0.15,0.15,171.06,0.20186
516,26,1000,0,1e-06,6,0.005,5e-05,5e-07,0.8,0.1,0.1,161.14,0.31867
517,26,1000,0,1e-06,7,0.005,5e-05,5e-07,0.5,0.25,0.25,62.273,0.50148
518,26,1000,0,1e-06,7,0.005,5e-05,5e-07,0.6,0.2,0.2,362.8,-0.3094
519,26,1000,0,1e-06,7,0.005,5e-05,5e-07,0.7,0.15,0.15,252.22,-0.16198
520,26,1000,0,1e-06,7,0.005,5e-05,5e-07,0.8,0.1,0.1,141.13,-0.026218
521,26,1000,0,1e-06,8,0.005,5e-05,5e-07,0.5,0.25,0.25,89.092,0.31258
522,26,1000,0,1e-06,8,0.005,5e-05,5e-07,0.6,0.2,0.2,28.963,0.7394
523,26,1000,0,1e-06,8,0.005,5e-05,5e-07,0.7,0.15,0.15,108.4,-0.040261
524,26,1000,0,1e-06,8,0.005,5e-05,5e-07,0.8,0.1,0.1,251.03,0.11187
525,26,1000,0,1e-06,9,0.005,5e-05,5e-07,0.5,0.25,0.25,78.198,0.1607
526,26,1000,0,1e-06,9,0.005,5e-05,5e-07,0.6,0.2,0.2,206.74,-0.14214
527,26,1000,0,1e-06,9,0.005,5e-05,5e-07,0.7,0.15,0.15,64.935,0.21573
528,26,1000,0,1e-06,9,0.005,5e-05,5e-07,0.8,0.1,0.1,58.411,0.50834
529,26,1000,0,1e-06,10,0.005,5e-05,5e-07,0.5,0.25,0.25,182.07,-0.19501
530,26,1000,0,1e-06,10,0.005,5e-05,5e-07,0.6,0.2,0.2,134.42,0.10225
531,26,1000,0,1e-06,10,0.005,5e-05,5e-07,0.7,0.15,0.15,658.69,-0.12019
532,26,1000,0,1e-06,10,0.005,5e-05,5e-07,0.8,0.1,0.1,100.38,0.016423
533,27,1000,0,1e-06,4,0.005,5e-05,5e-07,0.5,0.25,0.25,189.32,-0.58244
534,27,1000,0,1e-06,4,0.005,5e-05,5e-07,0.6,0.2,0.2,148.46,0.093286
535,27,1000,0,1e-06,4,0.005,5e-05,5e-07,0.7,0.15,0.15,127.82,0.030091
536,27,1000,0,1e-06,4,0.005,5e-05,5e-07,0.8,0.1,0.1,112.08,-0.019632
537,27,1000,0,1e-06,5,0.005,5e-05,5e-07,0.5,0.25,0.25,178.4,0.30434
538,27,1000,0,1e-06,5,0.005,5e-05,5e-07,0.6,0.2,0.2,97.495,0.34587
539,27,1000,0,1e-06,5,0.005,5e-05,5e-07,0.7,0.15,0.15,184.38,0.12311
540,27,1000,0,1e-06,5,0.005,5e-05,5e-07,0.8,0.1,0.1,375.71,-0.40441
541,27,1000,0,1e-06,6,0.005,5e-05,5e-07,0.5,0.25,0.25,158.5,0.024569
542,27,1000,0,1e-06,6,0.005,5e-05,5e-07,0.6,0.2,0.2,198.51,0.0047628
543,27,1000,0,1e-06,6,0.005,5e-05,5e-07,0.7,0.15,0.15,79.573,0.35911
544,27,1000,0,1e-06,6,0.005,5e-05,5e-07,0.8,0.1,0.1,47.78,0.61567
545,27,1000,0,1e-06,7,0.005,5e-05,5e-07,0.5,0.25,0.25,123.6,0.20148
546,27,1000,0,1e-06,7,0.005,5e-05,5e-07,0.6,0.2,0.2,113.41,-0.16502
547,27,1000,0,1e-06,7,0.005,5e-05,5e-07,0.7,0.15,0.15,241.27,-0.077932
548,27,1000,0,1e-06,7,0.005,5e-05,5e-07,0.8,0.1,0.1,159.97,-0.37543
549,27,1000,0,1e-06,8,0.005,5e-05,5e-07,0.5,0.25,0.25,60.464,0.46789
550,27,1000,0,1e-06,8,0.005,5e-05,5e-07,0.6,0.2,0.2,131.23,0.29024
551,27,1000,0,1e-06,8,0.005,5e-05,5e-07,0.7,0.15,0.15,50.096,0.44604
552,27,1000,0,1e-06,8,0.005,5e-05,5e-07,0.8,0.1,0.1,79.293,0.48797
553,27,1000,0,1e-06,9,0.005,5e-05,5e-07,0.5,0.25,0.25,159.22,-0.27425
554,27,1000,0,1e-06,9,0.005,5e-05,5e-07,0.6,0.2,0.2,535.34,-0.051355
555,27,1000,0,1e-06,9,0.005,5e-05,5e-07,0.7,0.15,0.15,118.58,0.21527
556,27,1000,0,1e-06,9,0.005,5e-05,5e-07,0.8,0.1,0.1,101.1,-0.06406
557,27,1000,0,1e-06,10,0.005,5e-05,5e-07,0.5,0.25,0.25,300.33,-0.53292
558,27,1000,0,1e-06,10,0.005,5e-05,5e-07,0.6,0.2,0.2,86.668,0.45958
559,27,1000,0,1e-06,10,0.005,5e-05,5e-07,0.7,0.15,0.15,107.46,0.0029457
560,27,1000,0,1e-06,10,0.005,5e-05,5e-07,0.8,0.1,0.1,359.81,-0.37034
561,28,1000,0,1e-06,4,0.005,5e-05,5e-07,0.5,0.25,0.25,90.277,0.26433
562,28,1000,0,1e-06,4,0.005,5e-05,5e-07,0.6,0.2,0.2,131.87,0.166
563,28,1000,0,1e-06,4,0.005,5e-05,5e-07,0.7,0.15,0.15,110.74,0.037145
564,28,1000,0,1e-06,4,0.005,5e-05,5e-07,0.8,0.1,0.1,285.39,-0.35053
565,28,1000,0,1e-06,5,0.005,5e-05,5e-07,0.5,0.25,0.25,120.2,0.1977
566,28,1000,0,1e-06,5,0.005,5e-05,5e-07,0.6,0.2,0.2,81.761,0.48757
567,28,1000,0,1e-06,5,0.005,5e-05,5e-07,0.7,0.15,0.15,77.516,0.19202
568,28,1000,0,1e-06,5,0.005,5e-05,5e-07,0.8,0.1,0.1,64.885,0.46129
569,28,1000,0,1e-06,6,0.005,5e-05,5e-07,0.5,0.25,0.25,822.33,-0.18566
570,28,1000,0,1e-06,6,0.005,5e-05,5e-07,0.6,0.2,0.2,112.96,0.6055
571,28,1000,0,1e-06,6,0.005,5e-05,5e-07,0.7,0.15,0.15,229.89,0.12222
572,28,1000,0,1e-06,6,0.005,5e-05,5e-07,0.8,0.1,0.1,59.54,0.36921
573,28,1000,0,1e-06,7,0.005,5e-05,5e-07,0.5,0.25,0.25,156,-0.085321
574,28,1000,0,1e-06,7,0.005,5e-05,5e-07,0.6,0.2,0.2,99.922,0.31242
575,28,1000,0,1e-06,7,0.005,5e-05,5e-07,0.7,0.15,0.15,979.61,-0.44454
576,28,1000,0,1e-06,7,0.005,5e-05,5e-07,0.8,0.1,0.1,90.962,0.059206
577,28,1000,0,1e-06,8,0.005,5e-05,5e-07,0.5,0.25,0.25,107.91,0.0030277
578,28,1000,0,1e-06,8,0.005,5e-05,5e-07,0.6,0.2,0.2,79.888,0.046634
579,28,1000,0,1e-06,8,0.005,5e-05,5e-07,0.7,0.15,0.15,109.04,0.12984
580,28,1000,0,1e-06,8,0.005,5e-05,5e-07,0.8,0.1,0.1,171.85,0.021859
581,28,1000,0,1e-06,9,0.005,5e-05,5e-07,0.5,0.25,0.25,59,0.30422
582,28,1000,0,1e-06,9,0.005,5e-05,5e-07,0.6,0.2,0.2,296.56,-0.49814
583,28,1000,0,1e-06,9,0.005,5e-05,5e-07,0.7,0.15,0.15,154.75,0.29081
584,28,1000,0,1e-06,9,0.005,5e-05,5e-07,0.8,0.1,0.1,82.868,0.30226
585,28,1000,0,1e-06,10,0.005,5e-05,5e-07,0.5,0.25,0.25,81.939,0.35744
586,28,1000,0,1e-06,10,0.005,5e-05,5e-07,0.6,0.2,0.2,180.58,-0.23548
587,28,1000,0,1e-06,10,0.005,5e-05,5e-07,0.7,0.15,0.15,166.93,-0.17577
588,28,1000,0,1e-06,10,0.005,5e-05,5e-07,0.8,0.1,0.1,65.898,0.27047
589,29,1000,0,1e-06,4,0.005,5e-05,5e-07,0.5,0.25,0.25,181.83,-0.022357
590,29,1000,0,1e-06,4,0.005,5e-05,5e-07,0.6,0.2,0.2,181.55,0.20729
591,29,1000,0,1e-06,4,0.005,5e-05,5e-07,0.7,0.15,0.15,36.43,0.64229
592,29,1000,0,1e-06,4,0.005,5e-05,5e-07,0.8,0.1,0.1,77.202,0.36079
593,29,1000,0,1e-06,5,0.005,5e-05,5e-07,0.5,0.25,0.25,187.89,-0.35233
594,29,1000,0,1e-06,5,0.005,5e-05,5e-07,0.6,0.2,0.2,64.528,0.5546
595,29,1000,0,1e-06,5,0.005,5e-05,5e-07,0.7,0.15,0.15,587.77,-0.15817
596,29,1000,0,1e-06,5,0.005,5e-05,5e-07,0.8,0.1,0.1,618.6,-0.27149
597,29,1000,0,1e-06,6,0.005,5e-05,5e-07,0.5,0.25,0.25,75.003,0.21598
598,29,1000,0,1e-06,6,0.005,5e-05,5e-07,0.6,0.2,0.2,61.829,0.4125
599,29,1000,0,1e-06,6,0.005,5e-05,5e-07,0.7,0.15,0.15,61.782,0.39465
600,29,1000,0,1e-06,6,0.005,5e-05,5e-07,0.8,0.1,0.1,557.21,-0.16713
601,29,1000,0,1e-06,7,0.005,5e-05,5e-07,0.5,0.25,0.25,154.28,0.094641
602,29,1000,0,1e-06,7,0.005,5e-05,5e-07,0.6,0.2,0.2,25.225,0.81053
603,29,1000,0,1e-06,7,0.005,5e-05,5e-07,0.7,0.15,0.15,60.207,0.57658
604,29,1000,0,1e-06,7,0.005,5e-05,5e-07,0.8,0.1,0.1,34.56,0.66226
605,29,1000,0,1e-06,8,0.005,5e-05,5e-07,0.5,0.25,0.25,145.43,0.29472
606,29,1000,0,1e-06,8,0.005,5e-05,5e-07,0.6,0.2,0.2,127.09,-0.354
607,29,1000,0,1e-06,8,0.005,5e-05,5e-07,0.7,0.15,0.15,71.151,0.37382
608,29,1000,0,1e-06,8,0.005,5e-05,5e-07,0.8,0.1,0.1,25.327,0.81184
609,29,1000,0,1e-06,9,0.005,5e-05,5e-07,0.5,0.25,0.25,102.53,0.43738
610,29,1000,0,1e-06,9,0.005,5e-05,5e-07,0.6,0.2,0.2,222.57,-0.50128
611,29,1000,0,1e-06,9,0.005,5e-05,5e-07,0.7,0.15,0.15,181.73,-0.28495
612,29,1000,0,1e-06,9,0.005,5e-05,5e-07,0.8,0.1,0.1,104.29,0.14531
613,29,1000,0,1e-06,10,0.005,5e-05,5e-07,0.5,0.25,0.25,777.48,-0.1918
614,29,1000,0,1e-06,10,0.005,5e-05,5e-07,0.6,0.2,0.2,104.59,0.35718
615,29,1000,0,1e-06,10,0.005,5e-05,5e-07,0.7,0.15,0.15,118.44,-0.011397
616,29,1000,0,1e-06,10,0.005,5e-05,5e-07,0.8,0.1,0.1,135.43,0.18686
617,30,1000,0,1e-06,4,0.005,5e-05,5e-07,0.5,0.25,0.25,133.76,0.21444
618,30,1000,0,1e-06,4,0.005,5e-05,5e-07,0.6,0.2,0.2,99.419,0.14668
619,30,1000,0,1e-06,4,0.005,5e-05,5e-07,0.7,0.15,0.15,142.2,-0.18042
620,30,1000,0,1e-06,4,0.005,5e-05,5e-07,0.8,0.1,0.1,85.539,0.42249
621,30,1000,0,1e-06,5,0.005,5e-05,5e-07,0.5,0.25,0.25,310.48,-0.21788
622,30,1000,0,1e-06,5,0.005,5e-05,5e-07,0.6,0.2,0.2,127.8,0.30574
623,30,1000,0,1e-06,5,0.005,5e-05,5e-07,0.7,0.15,0.15,61.67,0.41343
624,30,1000,0,1e-06,5,0.005,5e-05,5e-07,0.8,0.1,0.1,180.3,-0.40758
625,30,1000,0,1e-06,6,0.005,5e-05,5e-07,0.5,0.25,0.25,58.228,0.48381
626,30,1000,0,1e-06,6,0.005,5e-05,5e-07,0.6,0.2,0.2,794.99,0.011803
627,30,1000,0,1e-06,6,0.005,5e-05,5e-07,0.7,0.15,0.15,450.89,0.0076881
628,30,1000,0,1e-06,6,0.005,5e-05,5e-07,0.8,0.1,0.1,256.11,-0.036425
629,30,1000,0,1e-06,7,0.005,5e-05,5e-07,0.5,0.25,0.25,84.899,0.036113
630,30,1000,0,1e-06,7,0.005,5e-05,5e-07,0.6,0.2,0.2,147.66,-0.026741
631,30,1000,0,1e-06,7,0.005,5e-05,5e-07,0.7,0.15,0.15,131.22,-0.0010572
632,30,1000,0,1e-06,7,0.005,5e-05,5e-07,0.8,0.1,0.1,111.45,0.16584
633,30,1000,0,1e-06,8,0.005,5e-05,5e-07,0.5,0.25,0.25,722.12,-0.49242
634,30,1000,0,1e-06,8,0.005,5e-05,5e-07,0.6,0.2,0.2,139.77,0.21467
635,30,1000,0,1e-06,8,0.005,5e-05,5e-07,0.7,0.15,0.15,104.53,0.26962
636,30,1000,0,1e-06,8,0.005,5e-05,5e-07,0.8,0.1,0.1,165.18,-0.12188
637,30,1000,0,1e-06,9,0.005,5e-05,5e-07,0.5,0.25,0.25,239.85,-0.019688
638,30,1000,0,1e-06,9,0.005,5e-05,5e-07,0.6,0.2,0.2,103.77,0.30848
639,30,1000,0,1e-06,9,0.005,5e-05,5e-07,0.7,0.15,0.15,54.006,0.43492
640,30,1000,0,1e-06,9,0.005,5e-05,5e-07,0.8,0.1,0.1,135.57,0.27362
641,30,1000,0,1e-06,10,0.005,5e-05,5e-07,0.5,0.25,0.25,71.208,0.30026
642,30,1000,0,1e-06,10,0.005,5e-05,5e-07,0.6,0.2,0.2,312.73,-0.15127
643,30,1000,0,1e-06,10,0.005,5e-05,5e-07,0.7,0.15,0.15,258.84,-0.28328
644,30,1000,0,1e-06,10,0.005,5e-05,5e-07,0.8,0.1,0.1,50.673,0.53059
