1,neurons,spread,MSE,R
1,1,1,66.442,0.3306
2,1,2,66.211,0.3308
3,1,3,65.565,0.33404
4,1,4,64.473,0.33427
5,1,5,63.837,0.32653
6,1,6,63.602,0.31632
7,1,7,63.589,0.30601
8,1,8,63.525,0.30332
9,1,9,63.276,0.30701
10,1,10,61.849,0.36991
11,1,11,55.048,0.5838
12,1,12,55.39,0.58089
13,1,13,55.776,0.57524
14,1,14,56.203,0.56662
15,1,15,56.66,0.5552
16,1,16,57.135,0.54152
17,1,17,57.612,0.5263
18,1,18,58.08,0.51033
19,1,19,58.528,0.49431
20,1,20,58.952,0.47881
21,1,21,59.346,0.4642
22,1,22,59.709,0.45075
23,1,23,60.042,0.43858
24,1,24,60.345,0.42772
25,1,25,60.884,0.36819
26,1,26,61.08,0.36268
27,1,27,61.253,0.35824
28,1,28,61.408,0.35472
29,1,29,61.547,0.35201
30,1,30,61.672,0.34998
31,1,31,61.785,0.34854
32,1,32,61.889,0.34759
33,1,33,61.984,0.34704
34,1,34,62.073,0.34684
35,1,35,62.157,0.3469
36,1,36,62.236,0.34718
37,1,37,62.312,0.34762
38,1,38,62.386,0.34817
39,1,39,62.459,0.34881
40,1,40,62.531,0.34948
41,1,41,62.603,0.35018
42,1,42,62.674,0.35087
43,1,43,62.747,0.35153
44,1,44,62.82,0.35215
45,1,45,62.894,0.35272
46,1,46,62.969,0.35322
47,1,47,63.045,0.35365
48,1,48,63.123,0.354
49,1,49,63.202,0.35427
50,1,50,63.282,0.35445
51,3,1,63.826,0.6075
52,3,2,63.47,0.68569
53,3,3,60.204,0.69532
54,3,4,53.301,0.69879
55,3,5,47.751,0.69715
56,3,6,45.064,0.68704
57,3,7,44.746,0.65153
58,3,8,47.597,0.60614
59,3,9,49.87,0.56147
60,3,10,57.655,0.34972
61,3,11,48.396,0.58983
62,3,12,48.777,0.61485
63,3,13,50.152,0.58659
64,3,14,47.862,0.64558
65,3,15,49.264,0.61622
66,3,16,50.393,0.59329
67,3,17,51.564,0.5695
68,3,18,51.227,0.55365
69,3,19,51.873,0.57939
70,3,20,52.419,0.56305
71,3,21,53.054,0.54493
72,3,22,53.73,0.52584
73,3,23,54.41,0.50655
74,3,24,55.064,0.48773
75,3,25,52.636,0.48954
76,3,26,52.88,0.48323
77,3,27,53.198,0.4759
78,3,28,53.371,0.46817
79,3,29,53.77,0.4593
80,3,30,54.209,0.44983
81,3,31,54.675,0.43997
82,3,32,55.153,0.4299
83,3,33,55.629,0.41981
84,3,34,56.093,0.40984
85,3,35,56.538,0.40013
86,3,36,56.957,0.39081
87,3,37,57.347,0.38194
88,3,38,63.602,0.20325
89,3,39,63.476,0.20735
90,3,40,63.315,0.21271
91,3,41,63.12,0.21934
92,3,42,62.898,0.22722
93,3,43,62.652,0.23625
94,3,44,62.388,0.2463
95,3,45,62.113,0.25719
96,3,46,61.833,0.26864
97,3,47,61.555,0.28035
98,3,48,61.282,0.29197
99,3,49,61.021,0.30314
100,3,50,60.774,0.31352
101,5,1,62.291,0.60752
102,5,2,61.984,0.68613
103,5,3,58.614,0.69511
104,5,4,50.715,0.6974
105,5,5,44.723,0.69589
106,5,6,42.176,0.68705
107,5,7,41.503,0.64961
108,5,8,41.905,0.69193
109,5,9,43.773,0.66098
110,5,10,53.188,0.44464
111,5,11,42.113,0.62097
112,5,12,39.367,0.69783
113,5,13,39.949,0.68831
114,5,14,38.555,0.70804
115,5,15,39.338,0.68707
116,5,16,40.04,0.67076
117,5,17,41.06,0.65178
118,5,18,42.582,0.65618
119,5,19,44.406,0.57428
120,5,20,44.745,0.56586
121,5,21,45.142,0.5572
122,5,22,45.561,0.54873
123,5,23,45.973,0.54085
124,5,24,46.354,0.53383
125,5,25,44.327,0.55669
126,5,26,44.181,0.55874
127,5,27,44.096,0.55999
128,5,28,44.029,0.56059
129,5,29,44.029,0.56045
130,5,30,44.084,0.5597
131,5,31,44.185,0.55843
132,5,32,44.326,0.55675
133,5,33,44.497,0.55474
134,5,34,55.79,0.39024
135,5,35,56.369,0.38308
136,5,36,56.994,0.3755
137,5,37,57.657,0.36756
138,5,38,60.102,0.25563
139,5,39,60.526,0.24635
140,5,40,60.901,0.23812
141,5,41,61.404,0.23371
142,5,42,61.49,0.23028
143,5,43,62.63,0.19914
144,5,44,62.343,0.20481
145,5,45,62.008,0.2115
146,5,46,61.629,0.21919
147,5,47,61.21,0.22784
148,5,48,60.758,0.23741
149,5,49,68.363,0.1799
150,5,50,67.907,0.18973
151,7,1,61.467,0.60753
152,7,2,61.213,0.68645
153,7,3,57.609,0.69555
154,7,4,49.347,0.69856
155,7,5,42.861,0.69117
156,7,6,39.924,0.71309
157,7,7,39.009,0.67067
158,7,8,37.644,0.70317
159,7,9,38.803,0.67727
160,7,10,49.199,0.51577
161,7,11,35.326,0.69099
162,7,12,44.469,0.54432
163,7,13,32.131,0.77127
164,7,14,43.059,0.56217
165,7,15,36.746,0.68017
166,7,16,37.522,0.66291
167,7,17,38.722,0.6419
168,7,18,35.353,0.68581
169,7,19,36.613,0.66666
170,7,20,37.835,0.64864
171,7,21,44.884,0.57
172,7,22,48.398,0.50508
173,7,23,48.993,0.49531
174,7,24,49.577,0.48604
175,7,25,43.864,0.56593
176,7,26,44.494,0.55709
177,7,27,45.082,0.54896
178,7,28,45.69,0.54121
179,7,29,40.071,0.61487
180,7,30,46.65,0.51023
181,7,31,48.222,0.4922
182,7,32,48.382,0.49033
183,7,33,55.445,0.42726
184,7,34,58.848,0.34458
185,7,35,55.266,0.39731
186,7,36,55.769,0.39139
187,7,37,56.323,0.38493
188,7,38,60.767,0.32339
189,7,39,61.333,0.31714
190,7,40,61.927,0.31054
191,7,41,66.357,0.26622
192,7,42,67.165,0.25149
193,7,43,60.175,0.25471
194,7,44,60.197,0.25286
195,7,45,62.395,0.20365
196,7,46,92.975,-0.14566
197,7,47,93.583,-0.14582
198,7,48,94.121,-0.14529
199,7,49,94.593,-0.14414
200,7,50,95.007,-0.14244
201,9,1,61.022,0.60753
202,9,2,60.828,0.68665
203,9,3,57.133,0.6966
204,9,4,48.368,0.69899
205,9,5,40.527,0.72706
206,9,6,37.897,0.70232
207,9,7,38.1,0.64505
208,9,8,34.67,0.73251
209,9,9,34.991,0.72194
210,9,10,38.111,0.65866
211,9,11,34.31,0.68346
212,9,12,37.948,0.6368
213,9,13,39.643,0.6089
214,9,14,43.216,0.55007
215,9,15,43.298,0.55332
216,9,16,34.48,0.68065
217,9,17,35.675,0.66166
218,9,18,35.117,0.6797
219,9,19,36.584,0.65863
220,9,20,38.099,0.63773
221,9,21,39.539,0.61836
222,9,22,40.837,0.60123
223,9,23,58.796,0.40937
224,9,24,60.049,0.39606
225,9,25,41.002,0.59371
226,9,26,41.598,0.58591
227,9,27,42.143,0.57884
228,9,28,42.798,0.57163
229,9,29,43.208,0.566
230,9,30,88.86,0.068866
231,9,31,88.297,0.067835
232,9,32,87.789,0.065525
233,9,33,58.251,0.38876
234,9,34,56.647,0.41338
235,9,35,57.329,0.40304
236,9,36,58.14,0.34837
237,9,37,58.569,0.34372
238,9,38,59.039,0.33867
239,9,39,59.549,0.33324
240,9,40,60.096,0.32744
241,9,41,66.996,0.2924
242,9,42,68.013,0.28134
243,9,43,69.008,0.27058
244,9,44,69.982,0.26006
245,9,45,66.841,0.19942
246,9,46,68.66,0.24022
247,9,47,68.947,0.23714
248,9,48,69.159,0.23512
249,9,49,95.682,-0.11783
250,9,50,96.777,-0.1194
251,11,1,60.818,0.60754
252,11,2,60.693,0.68691
253,11,3,56.74,0.74485
254,11,4,47.046,0.74426
255,11,5,39.349,0.73113
256,11,6,36.358,0.70768
257,11,7,31.158,0.75562
258,11,8,34.56,0.69344
259,11,9,33.325,0.73066
260,11,10,35.64,0.67453
261,11,11,30.509,0.73223
262,11,12,35.549,0.66296
263,11,13,36.977,0.64108
264,11,14,39.905,0.59857
265,11,15,41.849,0.56554
266,11,16,42.579,0.55701
267,11,17,43.554,0.5459
268,11,18,32.499,0.69033
269,11,19,34.123,0.67011
270,11,20,35.805,0.64966
271,11,21,37.404,0.63042
272,11,22,38.836,0.61323
273,11,23,56.152,0.43472
274,11,24,57.656,0.4199
275,11,25,40.152,0.60445
276,11,26,40.97,0.5971
277,11,27,41.715,0.5905
278,11,28,41.972,0.58374
279,11,29,52.159,0.47815
280,11,30,86.344,0.13506
281,11,31,85.459,0.14165
282,11,32,84.575,0.14744
283,11,33,58.378,0.39401
284,11,34,48.548,0.51546
285,11,35,49.257,0.50601
286,11,36,49.943,0.49678
287,11,37,50.603,0.48785
288,11,38,71.862,0.30651
289,11,39,73.028,0.30071
290,11,40,74.097,0.2953
291,11,41,91.18,0.028572
292,11,42,91.779,0.021868
293,11,43,88.073,0.067023
294,11,44,88.394,0.061607
295,11,45,77.616,0.15692
296,11,46,63.054,0.30596
297,11,47,63.361,0.3032
298,11,48,63.612,0.30119
299,11,49,63.812,0.29987
300,11,50,66.915,0.25898
301,13,1,60.829,0.6237
302,13,2,60.805,0.73163
303,13,3,54.332,0.48179
304,13,4,43.421,0.72575
305,13,5,34.571,0.7793
306,13,6,29.553,0.80387
307,13,7,29.052,0.7629
308,13,8,31.749,0.71877
309,13,9,32.092,0.7097
310,13,10,32.83,0.6993
311,13,11,45.145,0.5264
312,13,12,60.663,0.38779
313,13,13,66.158,0.33969
314,13,14,38.772,0.60526
315,13,15,41.278,0.57222
316,13,16,42.147,0.56575
317,13,17,43.289,0.5569
318,13,18,31.659,0.69834
319,13,19,33.667,0.67945
320,13,20,35.757,0.66002
321,13,21,37.743,0.64148
322,13,22,39.517,0.62473
323,13,23,53.542,0.46379
324,13,24,54.866,0.45256
325,13,25,44.361,0.5759
326,13,26,46.172,0.55949
327,13,27,47.93,0.5434
328,13,28,54.56,0.48049
329,13,29,56.342,0.46066
330,13,30,85.54,0.19838
331,13,31,84.596,0.207
332,13,32,83.621,0.21477
333,13,33,70.87,0.30158
334,13,34,70.905,0.27905
335,13,35,71.326,0.27307
336,13,36,71.685,0.26768
337,13,37,92.077,0.17818
338,13,38,93.016,0.17728
339,13,39,93.78,0.17733
340,13,40,94.361,0.17829
341,13,41,68.855,0.28897
342,13,42,70.006,0.27193
343,13,43,62.724,0.37039
344,13,44,62.779,0.36506
345,13,45,76.91,0.22395
346,13,46,63.151,0.36875
347,13,47,63.369,0.36653
348,13,48,63.564,0.36444
349,13,49,63.737,0.36249
350,13,50,61.052,0.39847
351,15,1,61.059,0.21037
352,15,2,59.811,0.22812
353,15,3,49.99,0.63253
354,15,4,43.177,0.72239
355,15,5,33.71,0.77964
356,15,6,27.801,0.80619
357,15,7,26.69,0.77577
358,15,8,30.033,0.73598
359,15,9,32.645,0.69964
360,15,10,36.523,0.64063
361,15,11,42.626,0.55436
362,15,12,56.907,0.42589
363,15,13,61.654,0.3873
364,15,14,35.084,0.65075
365,15,15,43.731,0.54604
366,15,16,39.221,0.61844
367,15,17,40.573,0.60732
368,15,18,54.787,0.46591
369,15,19,38.02,0.64022
370,15,20,41.334,0.61299
371,15,21,44.701,0.58603
372,15,22,40.549,0.61687
373,15,23,49.647,0.5363
374,15,24,51.825,0.51994
375,15,25,69.383,0.36925
376,15,26,64.993,0.41562
377,15,27,68.541,0.38618
378,15,28,71.824,0.35804
379,15,29,74.663,0.33368
380,15,30,58.45,0.45323
381,15,31,150.15,0.042428
382,15,32,157.27,0.040436
383,15,33,83.028,0.23058
384,15,34,77.804,0.26277
385,15,35,79.255,0.24693
386,15,36,80.643,0.231
387,15,37,99.86,0.16447
388,15,38,102.5,0.15384
389,15,39,105.06,0.14363
390,15,40,107.51,0.13391
391,15,41,64.342,0.38648
392,15,42,63.74,0.39002
393,15,43,66.107,0.35587
394,15,44,65.376,0.3605
395,15,45,76.999,0.30649
396,15,46,69.263,0.3218
397,15,47,69.455,0.32066
398,15,48,69.62,0.31963
399,15,49,69.754,0.31871
400,15,50,66.738,0.35286
401,17,1,61.585,0.21037
402,17,2,60.357,0.22768
403,17,3,49.901,0.63337
404,17,4,43.342,0.71922
405,17,5,31.684,0.80645
406,17,6,26.502,0.81018
407,17,7,25.734,0.77562
408,17,8,28.564,0.74204
409,17,9,31.189,0.70889
410,17,10,33.532,0.67659
411,17,11,40.31,0.5821
412,17,12,52.592,0.47174
413,17,13,56.887,0.44008
414,17,14,61.598,0.40526
415,17,15,44.31,0.54757
416,17,16,68.396,0.35047
417,17,17,81.145,0.28401
418,17,18,53.345,0.49489
419,17,19,36.434,0.66929
420,17,20,38.98,0.64711
421,17,21,67.219,0.3927
422,17,22,50.748,0.51869
423,17,23,59.319,0.48488
424,17,24,61.032,0.47517
425,17,25,74.212,0.37676
426,17,26,55.216,0.51596
427,17,27,72.07,0.39116
428,17,28,75.074,0.40134
429,17,29,79.318,0.37962
430,17,30,62.227,0.46462
431,17,31,125.08,0.19862
432,17,32,134.13,0.18439
433,17,33,90.317,0.27123
434,17,34,75.991,0.31925
435,17,35,76.631,0.30905
436,17,36,77.15,0.29951
437,17,37,170.12,0.058175
438,17,38,173.07,0.057205
439,17,39,175.12,0.057266
440,17,40,176.35,0.058191
441,17,41,101.72,0.13085
442,17,42,102,0.12935
443,17,43,131.35,-0.012213
444,17,44,130.52,-0.011419
445,17,45,84.728,0.23104
446,17,46,78.69,0.27062
447,17,47,79.83,0.26192
448,17,48,80.863,0.25417
449,17,49,81.781,0.24742
450,17,50,94.779,0.1447
451,19,1,62.429,0.21037
452,19,2,61.255,0.22719
453,19,3,50.169,0.63514
454,19,4,42.561,0.73862
455,19,5,31.404,0.80719
456,19,6,26.184,0.80891
457,19,7,24.465,0.78425
458,19,8,25.886,0.76119
459,19,9,30.647,0.71245
460,19,10,32.081,0.69085
461,19,11,38.548,0.61508
462,19,12,56.464,0.42109
463,19,13,63.699,0.37024
464,19,14,107.11,0.10924
465,19,15,41.935,0.57886
466,19,16,91.999,0.20402
467,19,17,77.379,0.32467
468,19,18,52.599,0.52023
469,19,19,44.129,0.5965
470,19,20,63.639,0.4258
471,19,21,103.7,0.17993
472,19,22,54.712,0.48362
473,19,23,66.71,0.39236
474,19,24,76.75,0.3157
475,19,25,81.564,0.3543
476,19,26,60.88,0.48147
477,19,27,135.9,0.17222
478,19,28,121.5,0.20586
479,19,29,134.72,0.18241
480,19,30,103.53,0.24486
481,19,31,122.56,0.18672
482,19,32,133.06,0.16546
483,19,33,94.554,0.26966
484,19,34,170.59,0.079909
485,19,35,179.68,0.065807
486,19,36,188.36,0.053538
487,19,37,206.4,0.068471
488,19,38,215.23,0.059905
489,19,39,223.16,0.052782
490,19,40,230.01,0.047079
491,19,41,258.72,-0.051225
492,19,42,267.44,-0.053116
493,19,43,235.83,-0.19384
494,19,44,253.92,-0.2427
495,19,45,87.162,0.20248
496,19,46,92.36,0.26346
497,19,47,94.179,0.2554
498,19,48,95.942,0.24804
499,19,49,97.618,0.24144
500,19,50,92.021,0.17576
501,21,1,63.619,0.21037
502,21,2,59.634,0.49848
503,21,3,50.686,0.64167
504,21,4,43.253,0.73504
505,21,5,31.704,0.8068
506,21,6,26.228,0.80988
507,21,7,21.084,0.81443
508,21,8,25.847,0.76313
509,21,9,30.293,0.71923
510,21,10,31.374,0.70284
511,21,11,39.661,0.60403
512,21,12,69.368,0.32613
513,21,13,86.286,0.23857
514,21,14,105.24,0.13766
515,21,15,43.326,0.5684
516,21,16,145.94,0.018631
517,21,17,156.88,-0.0020918
518,21,18,55.227,0.49945
519,21,19,58.14,0.45089
520,21,20,163.02,-0.0093279
521,21,21,99.372,0.24021
522,21,22,60.412,0.4579
523,21,23,102.7,0.18779
524,21,24,137.22,0.046054
525,21,25,99.62,0.27008
526,21,26,91.704,0.32245
527,21,27,273.78,-0.072231
528,21,28,185.74,0.073367
529,21,29,147.21,0.1407
530,21,30,164.78,0.097464
531,21,31,254.78,-0.14508
532,21,32,175,0.11732
533,21,33,179.86,0.079904
534,21,34,184.37,0.063042
535,21,35,193.81,0.053076
536,21,36,203.21,0.044632
537,21,37,209.55,0.056809
538,21,38,219.21,0.050485
539,21,39,228.64,0.045023
540,21,40,237.74,0.040346
541,21,41,247.81,0.023706
542,21,42,255.57,0.028457
543,21,43,237.23,-0.20063
544,21,44,254.42,-0.24446
545,21,45,120.94,0.14657
546,21,46,138.44,0.013509
547,21,47,138.45,0.086762
548,21,48,138.83,0.089605
549,21,49,139.06,0.092618
550,21,50,83.556,0.42881
551,23,1,65.108,0.21037
552,23,2,60.936,0.50359
553,23,3,51.36,0.65471
554,23,4,43.642,0.74284
555,23,5,32.42,0.80613
556,23,6,26.953,0.81037
557,23,7,20.948,0.81377
558,23,8,26.881,0.76496
559,23,9,29.747,0.72964
560,23,10,31.245,0.70864
561,23,11,37.449,0.63424
562,23,12,64.924,0.3866
563,23,13,85.856,0.24817
564,23,14,104.34,0.17382
565,23,15,43.966,0.57165
566,23,16,146.73,0.023491
567,23,17,178.21,-0.041677
568,23,18,53.207,0.51883
569,23,19,95.261,0.23654
570,23,20,199.75,-0.042817
571,23,21,251.55,-0.036999
572,23,22,65.868,0.43948
573,23,23,189.64,-0.052234
574,23,24,189.55,-0.032927
575,23,25,118.47,0.20665
576,23,26,88.933,0.30189
577,23,27,709.07,-0.33076
578,23,28,325.55,-0.13093
579,23,29,240.4,-0.10982
580,23,30,246.19,-0.10916
581,23,31,247.02,-0.11073
582,23,32,168.98,0.074262
583,23,33,202.55,0.037462
584,23,34,195.72,0.04384
585,23,35,207.43,0.039817
586,23,36,216.96,0.032633
587,23,37,244.98,-0.0037536
588,23,38,256.14,-0.0089693
589,23,39,267.25,-0.012994
590,23,40,278.32,-0.015979
591,23,41,267.77,0.23835
592,23,42,255.41,0.02534
593,23,43,244.58,-0.23643
594,23,44,252.09,-0.23821
595,23,45,110.78,0.23248
596,23,46,142.2,0.13032
597,23,47,127.45,0.1351
598,23,48,128.09,0.1424
599,23,49,128.75,0.14927
600,23,50,122.87,0.18466
601,25,1,67.078,0.21037
602,25,2,62.752,0.50877
603,25,3,51.892,0.67608
604,25,4,45.319,0.73847
605,25,5,31.781,0.81969
606,25,6,28.609,0.81054
607,25,7,22.329,0.80693
608,25,8,28.788,0.75495
609,25,9,30.314,0.74166
610,25,10,31.276,0.70363
611,25,11,36.245,0.65448
612,25,12,62.792,0.42031
613,25,13,83.709,0.29254
614,25,14,103.62,0.18741
615,25,15,73.88,0.33949
616,25,16,146.69,0.065426
617,25,17,192.63,-0.06243
618,25,18,82.291,0.28969
619,25,19,108.67,0.19914
620,25,20,402.58,-0.23763
621,25,21,392.25,-0.14595
622,25,22,64.899,0.4193
623,25,23,211.97,-0.10703
624,25,24,434.03,-0.26369
625,25,25,365.73,-0.13992
626,25,26,165.31,0.16249
627,25,27,842.87,-0.34365
628,25,28,773.17,-0.36278
629,25,29,248.42,-0.13845
630,25,30,258.73,-0.15503
631,25,31,263.48,-0.025244
632,25,32,253.11,-0.11479
633,25,33,221.71,0.10789
634,25,34,208.78,0.056957
635,25,35,203.42,0.033176
636,25,36,212.96,0.027032
637,25,37,244.31,-0.005522
638,25,38,255.25,-0.011061
639,25,39,266.13,-0.015339
640,25,40,276.98,-0.018517
641,25,41,315.96,0.20584
642,25,42,281.63,0.23078
643,25,43,260.85,-0.19144
644,25,44,146.25,-0.02728
645,25,45,104.73,0.16823
646,25,46,258.47,-0.097816
647,25,47,144.62,-0.0036861
648,25,48,148.24,-0.012972
649,25,49,152.11,-0.023513
650,25,50,106.27,0.2292
651,27,1,69.605,0.37925
652,27,2,64.985,0.52191
653,27,3,53.818,0.67725
654,27,4,40.511,0.78882
655,27,5,33.861,0.81742
656,27,6,25.504,0.82707
657,27,7,24.609,0.80582
658,27,8,31.132,0.75602
659,27,9,32.403,0.74744
660,27,10,32.629,0.69491
661,27,11,36.616,0.65875
662,27,12,64.318,0.42798
663,27,13,92.873,0.26074
664,27,14,111.21,0.18376
665,27,15,110.15,0.18317
666,27,16,153.81,0.084055
667,27,17,187.77,-0.038403
668,27,18,132.76,0.10692
669,27,19,135.24,0.13776
670,27,20,567.73,-0.31012
671,27,21,498.19,-0.1844
672,27,22,61.407,0.45565
673,27,23,235.37,-0.14655
674,27,24,485.69,-0.25811
675,27,25,534.89,-0.26546
676,27,26,651.63,-0.33578
677,27,27,879.26,-0.36238
678,27,28,920.17,-0.40083
679,27,29,295.45,-0.05336
680,27,30,335.61,-0.11829
681,27,31,366.94,-0.085664
682,27,32,285.99,0.026683
683,27,33,282.63,0.075473
684,27,34,216.94,0.098374
685,27,35,194.55,0.052519
686,27,36,203.61,0.045574
687,27,37,239.27,-0.013973
688,27,38,248.48,-0.023743
689,27,39,257.91,-0.031682
690,27,40,267.75,-0.037667
691,27,41,432.16,0.098568
692,27,42,332.37,0.20625
693,27,43,382.38,-0.17371
694,27,44,102.77,0.20057
695,27,45,248.08,0.021954
696,27,46,306.14,-0.2639
697,27,47,387.77,-0.39807
698,27,48,374.66,-0.39063
699,27,49,361.01,-0.38132
700,27,50,228.73,0.32101
701,29,1,72.894,0.38258
702,29,2,67.947,0.52586
703,29,3,56.158,0.67817
704,29,4,42.501,0.78873
705,29,5,38.282,0.80609
706,29,6,29.248,0.81968
707,29,7,27.849,0.81131
708,29,8,30.831,0.7688
709,29,9,32.896,0.75958
710,29,10,33.72,0.70811
711,29,11,39.054,0.63831
712,29,12,63.534,0.46336
713,29,13,99.748,0.23368
714,29,14,108.44,0.20304
715,29,15,134.42,0.097228
716,29,16,186,-0.0094929
717,29,17,269.04,-0.10086
718,29,18,345.01,-0.14966
719,29,19,235.43,0.021372
720,29,20,572.28,-0.31394
721,29,21,631.05,-0.23228
722,29,22,254.57,-0.13612
723,29,23,265.51,-0.17699
724,29,24,522.68,-0.2696
725,29,25,552.29,-0.26449
726,29,26,1015.3,-0.3802
727,29,27,878.29,-0.36135
728,29,28,1053,-0.41944
729,29,29,328.8,-0.1529
730,29,30,409.69,-0.10247
731,29,31,592.44,-0.16658
732,29,32,529.6,-0.10873
733,29,33,571.75,-0.075988
734,29,34,308.12,0.010175
735,29,35,224.91,0.086752
736,29,36,235.25,0.09048
737,29,37,241.81,0.056924
738,29,38,251.57,0.050318
739,29,39,260.5,0.043955
740,29,40,268.61,0.037927
741,29,41,536.53,0.1156
742,29,42,625.36,0.12535
743,29,43,355.17,0.087002
744,29,44,552.37,-0.14615
745,29,45,324.24,0.03353
746,29,46,244.48,-0.32905
747,29,47,320.46,-0.24634
748,29,48,328.61,-0.22743
749,29,49,347.21,-0.19233
750,29,50,2287.3,0.095486
751,31,1,76.848,0.38563
752,31,2,71.685,0.5296
753,31,3,58.795,0.68573
754,31,4,45.8,0.79015
755,31,5,43.273,0.8102
756,31,6,26.236,0.82636
757,31,7,32.983,0.81076
758,31,8,33.925,0.78388
759,31,9,38.003,0.71456
760,31,10,34.75,0.72516
761,31,11,45.788,0.62331
762,31,12,67.372,0.42781
763,31,13,99.057,0.25474
764,31,14,153,0.14527
765,31,15,155.13,0.10458
766,31,16,159.25,0.080068
767,31,17,342.32,-0.16405
768,31,18,616.73,-0.28165
769,31,19,304.89,-0.048705
770,31,20,760.3,-0.35136
771,31,21,947.48,-0.30379
772,31,22,566.6,-0.27431
773,31,23,324.28,-0.19059
774,31,24,533.13,-0.28105
775,31,25,568.11,-0.26906
776,31,26,1112.9,-0.39541
777,31,27,995.66,-0.38152
778,31,28,1088.7,-0.4316
779,31,29,718.3,-0.33209
780,31,30,639.03,-0.34707
781,31,31,985.7,-0.32441
782,31,32,859.82,-0.13078
783,31,33,944.51,-0.2904
784,31,34,917.37,-0.34462
785,31,35,690.35,-0.068349
786,31,36,690.22,-0.051916
787,31,37,307.92,-0.16341
788,31,38,317.88,-0.24885
789,31,39,330.82,-0.24163
790,31,40,344.86,-0.23382
791,31,41,695.81,0.086626
792,31,42,1338.2,0.16123
793,31,43,231.27,0.10248
794,31,44,515.53,-0.35244
795,31,45,259.86,-0.13414
796,31,46,341.67,-0.21403
797,31,47,509.25,-0.29623
798,31,48,513.67,-0.28792
799,31,49,503.72,-0.088271
800,31,50,2296.5,0.07303
801,33,1,81.916,0.38872
802,33,2,76.308,0.5331
803,33,3,62.618,0.68702
804,33,4,49.863,0.79089
805,33,5,44.278,0.815
806,33,6,29.248,0.82784
807,33,7,35.895,0.80663
808,33,8,42.412,0.78488
809,33,9,40.081,0.69096
810,33,10,34.725,0.69274
811,33,11,48.362,0.63044
812,33,12,107.29,0.19852
813,33,13,93.264,0.31504
814,33,14,194.11,0.10581
815,33,15,250.3,-0.022936
816,33,16,275.86,-0.13353
817,33,17,415.57,-0.17941
818,33,18,1036.7,-0.35935
819,33,19,383.63,-0.12952
820,33,20,1542.4,-0.39944
821,33,21,1513.5,-0.35371
822,33,22,799.64,-0.3161
823,33,23,501.4,-0.26349
824,33,24,578.45,-0.2869
825,33,25,569.64,-0.26698
826,33,26,1160.4,-0.36743
827,33,27,1071.6,-0.36052
828,33,28,1004.6,-0.38609
829,33,29,1051.2,-0.32964
830,33,30,842.97,-0.28322
831,33,31,1662.4,-0.40244
832,33,32,944.07,-0.010091
833,33,33,1106.6,-0.17681
834,33,34,1137.2,-0.41167
835,33,35,1268.7,-0.032226
836,33,36,1410.2,-0.015447
837,33,37,547.01,-0.29447
838,33,38,348.54,-0.09779
839,33,39,399.55,-0.16844
840,33,40,334.92,-0.10481
841,33,41,2950.4,0.084235
842,33,42,2300.3,0.12477
843,33,43,1792.9,0.13587
844,33,44,763.31,-0.30963
845,33,45,470.67,0.012951
846,33,46,1770.7,0.021446
847,33,47,465.19,-0.37479
848,33,48,458.11,-0.36776
849,33,49,913.48,-0.0047978
850,33,50,1908.9,0.056775
851,35,1,87.624,0.39145
852,35,2,82.712,0.50638
853,35,3,67.868,0.68691
854,35,4,54.753,0.79062
855,35,5,49.733,0.81373
856,35,6,34.555,0.82741
857,35,7,36.434,0.80243
858,35,8,43.472,0.79258
859,35,9,37.705,0.67939
860,35,10,33.752,0.72353
861,35,11,50.339,0.62921
862,35,12,124.4,0.19876
863,35,13,148.61,0.10464
864,35,14,196.57,0.087361
865,35,15,250.4,-0.0068349
866,35,16,464.41,-0.24165
867,35,17,404.09,-0.14697
868,35,18,1555.3,-0.40936
869,35,19,382.13,-0.12699
870,35,20,1605.4,-0.39702
871,35,21,1455.9,-0.35351
872,35,22,965.01,-0.30449
873,35,23,1048.6,-0.3366
874,35,24,591.45,-0.25353
875,35,25,564.42,-0.25571
876,35,26,1246.3,-0.31694
877,35,27,2161.6,-0.36206
878,35,28,1161,-0.38919
879,35,29,1987.8,-0.33791
880,35,30,2644.5,-0.28459
881,35,31,1867.8,-0.38295
882,35,32,1158.4,-0.26126
883,35,33,1629.1,-0.27913
884,35,34,1875,-0.2613
885,35,35,1218.8,-0.19715
886,35,36,1273.6,-0.15777
887,35,37,2072.5,-0.019413
888,35,38,835.86,-0.12956
889,35,39,957.42,0.091229
890,35,40,1034.6,0.095217
891,35,41,3041.8,0.04945
892,35,42,3742.2,0.070933
893,35,43,1856.8,0.080336
894,35,44,2512.1,-0.10644
895,35,45,379.54,-0.35004
896,35,46,6121,0.049019
897,35,47,530.37,-0.52402
898,35,48,2193.5,-0.0045125
899,35,49,5052,0.088051
900,35,50,6717.5,0.13409
901,37,1,94.979,0.39424
902,37,2,90.448,0.50945
903,37,3,73.978,0.68666
904,37,4,60.598,0.78744
905,37,5,48.306,0.82358
906,37,6,41.861,0.8309
907,37,7,108.99,0.47365
908,37,8,39.055,0.76614
909,37,9,46.173,0.61499
910,37,10,32.29,0.73449
911,37,11,51.211,0.59664
912,37,12,142.86,0.17508
913,37,13,177.53,0.011562
914,37,14,256.26,-0.034206
915,37,15,281.85,-0.002522
916,37,16,683.85,-0.32567
917,37,17,680.6,-0.2442
918,37,18,1465.8,-0.39222
919,37,19,481.66,-0.20208
920,37,20,1716.5,-0.39571
921,37,21,1534.4,-0.38158
922,37,22,1064.4,-0.33733
923,37,23,1184.1,-0.3505
924,37,24,623.54,-0.23046
925,37,25,749.41,-0.32135
926,37,26,1432.9,-0.29939
927,37,27,2938.9,-0.24147
928,37,28,2332.7,-0.27079
929,37,29,3200.1,-0.29254
930,37,30,3749.8,-0.24347
931,37,31,2303.3,-0.37254
932,37,32,2047.9,-0.086936
933,37,33,3572.7,-0.0041195
934,37,34,2457.1,-0.14871
935,37,35,1535.6,-0.23662
936,37,36,1626.4,-0.20502
937,37,37,1914.3,-0.058225
938,37,38,696.04,-0.48235
939,37,39,916.41,-0.050841
940,37,40,1038.9,-0.027763
941,37,41,2900.9,0.046209
942,37,42,3978.2,0.059531
943,37,43,5282.5,0.01803
944,37,44,2378.4,-0.28308
945,37,45,8256.2,-0.22909
946,37,46,10671,0.14718
947,37,47,2045.1,-0.076952
948,37,48,468.35,-0.22872
949,37,49,5574.6,0.050951
950,37,50,7139.2,0.03707
951,39,1,105,0.39721
952,39,2,101.31,0.5127
953,39,3,82.634,0.68752
954,39,4,68.377,0.78712
955,39,5,45.305,0.82716
956,39,6,52.333,0.81404
957,39,7,343.48,0.11239
958,39,8,33.352,0.76492
959,39,9,47.68,0.62759
960,39,10,32.417,0.73956
961,39,11,84.754,0.39353
962,39,12,128.23,0.2339
963,39,13,225.36,-0.04434
964,39,14,232.87,0.0062377
965,39,15,416.38,-0.1477
966,39,16,662.99,-0.28111
967,39,17,596.02,-0.1773
968,39,18,897.54,-0.34765
969,39,19,536.96,-0.2416
970,39,20,1977.3,-0.40833
971,39,21,1477.8,-0.3628
972,39,22,1188.2,-0.36255
973,39,23,1704.7,-0.37724
974,39,24,1670.2,-0.36752
975,39,25,1043.9,-0.34109
976,39,26,1974.1,-0.36795
977,39,27,3293.1,-0.2252
978,39,28,3851,-0.24278
979,39,29,2513.7,-0.23684
980,39,30,4654.1,-0.18882
981,39,31,2245.9,-0.323
982,39,32,2897.6,-0.083721
983,39,33,3576.5,-0.03717
984,39,34,6676.5,0.15085
985,39,35,2381.6,-0.1851
986,39,36,2513.1,-0.15277
987,39,37,2051.7,-0.28208
988,39,38,3485.5,-0.076953
989,39,39,4640.3,0.046038
990,39,40,5131.9,0.050366
991,39,41,8494.1,0.1241
992,39,42,3728.4,0.054478
993,39,43,32559,0.09902
994,39,44,1411.9,-0.39141
995,39,45,89680,-0.0088465
996,39,46,15360,0.13538
997,39,47,10803,-0.073567
998,39,48,36498,0.067165
999,39,49,7756.4,0.097053
1000,39,50,11217,0.19945
1001,41,1,116.15,0.39979
1002,41,2,113.2,0.51539
1003,41,3,101.26,0.50547
1004,41,4,77.899,0.78651
1005,41,5,51.98,0.82539
1006,41,6,239.15,0.21595
1007,41,7,343.52,0.11348
1008,41,8,35.224,0.73251
1009,41,9,47.442,0.60918
1010,41,10,33.42,0.74581
1011,41,11,89.16,0.37633
1012,41,12,127.22,0.25146
1013,41,13,192.59,0.040455
1014,41,14,205.28,0.08532
1015,41,15,598.85,-0.19276
1016,41,16,615.46,-0.23883
1017,41,17,981.71,-0.31435
1018,41,18,875.12,-0.33024
1019,41,19,785.58,-0.33618
1020,41,20,1752.3,-0.40359
1021,41,21,3525.8,-0.36359
1022,41,22,1176.9,-0.35471
1023,41,23,2309.6,-0.29839
1024,41,24,2634,-0.39371
1025,41,25,2280.8,-0.27143
1026,41,26,2002.4,-0.36597
1027,41,27,2849.8,-0.27509
1028,41,28,4136.6,-0.3335
1029,41,29,3349.8,-0.25043
1030,41,30,5572.1,-0.19424
1031,41,31,7003.5,-0.15285
1032,41,32,3541.1,-0.069178
1033,41,33,2410.7,-0.024591
1034,41,34,12053,0.17676
1035,41,35,2685.6,-0.17496
1036,41,36,4911.4,0.0050652
1037,41,37,2157.2,-0.22898
1038,41,38,2912.1,-0.18197
1039,41,39,2629.7,-0.34893
1040,41,40,2701.4,-0.41094
1041,41,41,5067.8,0.029434
1042,41,42,1887.1,-0.028065
1043,41,43,21715,0.091978
1044,41,44,16733,0.036307
1045,41,45,19125,-0.12638
1046,41,46,14242,0.23116
1047,41,47,7011.2,-0.27379
1048,41,48,47342,0.082216
1049,41,49,26064,0.11174
1050,41,50,7157.9,0.19719
1051,43,1,128.71,0.4021
1052,43,2,123.47,0.51724
1053,43,3,111.97,0.50948
1054,43,4,85.784,0.79048
1055,43,5,55.923,0.82292
1056,43,6,279.86,0.17925
1057,43,7,383.36,0.090499
1058,43,8,34.887,0.73594
1059,43,9,45.625,0.63062
1060,43,10,40.691,0.73557
1061,43,11,93.707,0.38244
1062,43,12,128.45,0.29841
1063,43,13,220.02,-0.0022469
1064,43,14,253.25,0.049949
1065,43,15,1052,-0.3335
1066,43,16,752.12,-0.24567
1067,43,17,796.31,-0.28489
1068,43,18,937.45,-0.33203
1069,43,19,792.39,-0.3403
1070,43,20,661.91,-0.26092
1071,43,21,3661.1,-0.36496
1072,43,22,1393.5,-0.33917
1073,43,23,3504.1,-0.32314
1074,43,24,3072.9,-0.43712
1075,43,25,9364.2,-0.34724
1076,43,26,17777,-0.10574
1077,43,27,4097.9,-0.31098
1078,43,28,4842.9,-0.3716
1079,43,29,11023,-0.11362
1080,43,30,10320,-0.042854
1081,43,31,7696.3,0.0004677
1082,43,32,7014.6,-0.18673
1083,43,33,9966.8,0.0054539
1084,43,34,30291,0.1519
1085,43,35,4070.5,-0.010335
1086,43,36,7403.8,0.0069215
1087,43,37,5222.2,-0.46687
1088,43,38,5150.7,-0.22819
1089,43,39,3570.8,-0.19016
1090,43,40,3290.4,-0.22579
1091,43,41,13669,-0.26396
1092,43,42,5460.2,0.20549
1093,43,43,10048,0.074764
1094,43,44,17978,0.12655
1095,43,45,5205.2,0.026258
1096,43,46,16726,0.13249
1097,43,47,6903.1,-0.29173
1098,43,48,64719,0.084901
1099,43,49,4.76E+05,0.017362
1100,43,50,28328,0.14476
1101,45,1,142.34,0.40414
1102,45,2,138.67,0.51947
1103,45,3,124.03,0.51317
1104,45,4,85.622,0.79187
1105,45,5,186.75,0.21946
1106,45,6,269.71,0.14743
1107,45,7,381.83,0.078368
1108,45,8,32.829,0.7679
1109,45,9,108.53,0.34046
1110,45,10,186.25,0.22046
1111,45,11,88.485,0.35527
1112,45,12,154.57,0.10565
1113,45,13,226.66,0.025112
1114,45,14,139.1,0.27252
1115,45,15,1610.6,-0.42431
1116,45,16,1386,-0.40047
1117,45,17,640.25,-0.19053
1118,45,18,701.25,-0.26565
1119,45,19,1008.3,-0.34577
1120,45,20,234.13,0.11276
1121,45,21,3796.6,-0.36807
1122,45,22,2072.8,-0.34393
1123,45,23,6697.4,-0.35174
1124,45,24,1768.6,-0.36145
1125,45,25,14043,-0.34668
1126,45,26,21368,-0.050606
1127,45,27,5160.3,-0.37655
1128,45,28,11689,-0.23877
1129,45,29,25588,-0.031334
1130,45,30,10448,0.058199
1131,45,31,20415,0.12671
1132,45,32,15438,-0.12187
1133,45,33,30861,-0.059439
1134,45,34,1.85E+05,0.20583
1135,45,35,9003.2,-8.05E-05
1136,45,36,16736,0.0067216
1137,45,37,10815,0.074592
1138,45,38,49578,0.018815
1139,45,39,6299.8,-0.21956
1140,45,40,7452.6,0.1223
1141,45,41,17952,-0.23284
1142,45,42,7813.2,-0.063883
1143,45,43,9.25E+05,0.10401
1144,45,44,1.75E+05,0.26154
1145,45,45,8778.4,0.040845
1146,45,46,25172,0.13428
1147,45,47,98613,0.10437
1148,45,48,1.66E+05,0.22643
1149,45,49,2.87E+05,0.015765
1150,45,50,89305,0.16573
1151,47,1,160.1,0.4063
1152,47,2,144.02,0.50419
1153,47,3,140.7,0.51729
1154,47,4,88.133,0.78552
1155,47,5,197.81,0.2295
1156,47,6,279.97,0.17514
1157,47,7,379.73,0.056996
1158,47,8,416.94,0.0097556
1159,47,9,663.25,-0.10439
1160,47,10,1021,-0.059451
1161,47,11,325.61,-0.121
1162,47,12,1250.3,-0.17616
1163,47,13,230.8,0.014533
1164,47,14,759.03,-0.37148
1165,47,15,1855.4,-0.42774
1166,47,16,1357.7,-0.38829
1167,47,17,661.7,-0.25416
1168,47,18,428.46,-0.090405
1169,47,19,1232.4,-0.36787
1170,47,20,3378.3,-0.37234
1171,47,21,4686.2,-0.25816
1172,47,22,4988.7,-0.32369
1173,47,23,8420.9,-0.33375
1174,47,24,1708.7,-0.37776
1175,47,25,12750,-0.30329
1176,47,26,20807,-0.053368
1177,47,27,19658,-0.19115
1178,47,28,30050,-0.068433
1179,47,29,49695,0.037939
1180,47,30,19341,-0.066491
1181,47,31,95292,0.14632
1182,47,32,35296,0.028517
1183,47,33,52751,0.14977
1184,47,34,1.99E+05,0.15524
1185,47,35,23010,-0.21861
1186,47,36,1.27E+05,0.12307
1187,47,37,13315,-0.10785
1188,47,38,12569,-0.021849
1189,47,39,29901,0.10981
1190,47,40,1.65E+06,0.14343
1191,47,41,24172,0.11542
1192,47,42,1.83E+05,0.17452
1193,47,43,9.52E+05,0.14629
1194,47,44,2.83E+05,0.22651
1195,47,45,1.07E+05,0.17919
1196,47,46,82844,0.12898
1197,47,47,3.63E+05,0.14925
1198,47,48,1.59E+05,0.18444
1199,47,49,4.34E+05,0.15802
1200,47,50,1.59E+05,0.074145
1201,49,1,178.13,0.40808
1202,49,2,160.37,0.50751
1203,49,3,145.77,0.46501
1204,49,4,153.45,0.36491
1205,49,5,193.85,0.22097
1206,49,6,288.12,0.14339
1207,49,7,387.33,0.074063
1208,49,8,591.58,-0.018596
1209,49,9,707.9,-0.083992
1210,49,10,1034.7,-0.12596
1211,49,11,1254.7,-0.17587
1212,49,12,1539.9,-0.19798
1213,49,13,418.06,-0.22179
1214,49,14,1520.4,-0.30937
1215,49,15,2362.8,-0.34608
1216,49,16,1902.4,-0.4431
1217,49,17,1756.9,-0.40052
1218,49,18,2724.3,-0.43481
1219,49,19,772.96,-0.2461
1220,49,20,4740,-0.42079
1221,49,21,4706,-0.25469
1222,49,22,3011.6,-0.1618
1223,49,23,9732.2,-0.24161
1224,49,24,893.26,-0.19783
1225,49,25,12187,-0.27341
1226,49,26,18464,-0.064501
1227,49,27,25750,-0.041794
1228,49,28,32313,-0.052513
1229,49,29,51470,0.0050162
1230,49,30,54737,0.025397
1231,49,31,77910,0.063292
1232,49,32,1.05E+05,0.08487
1233,49,33,97095,0.16132
1234,49,34,1.06E+05,0.070223
1235,49,35,92588,0.016322
1236,49,36,1.51E+05,0.078611
1237,49,37,3.42E+06,0.18654
1238,49,38,1.19E+05,0.091548
1239,49,39,2.21E+05,0.22164
1240,49,40,2.63E+05,0.15157
1241,49,41,2.61E+05,-0.20012
1242,49,42,4.55E+05,0.17038
1243,49,43,1.80E+06,0.16177
1244,49,44,2.42E+05,0.21689
1245,49,45,1.53E+06,0.20612
1246,49,46,7.30E+05,0.007196
1247,49,47,5.76E+05,0.067215
1248,49,48,5.21E+05,0.10757
1249,49,49,6.12E+06,0.11205
1250,49,50,8.19E+05,0.15125
1251,51,1,182.56,0.40847
1252,51,2,164.48,0.50825
1253,51,3,153.85,0.47157
1254,51,4,144.19,0.34769
1255,51,5,199.36,0.23304
1256,51,6,305.82,0.18173
1257,51,7,415.17,0.038682
1258,51,8,587.62,-0.02859
1259,51,9,783.44,-0.083623
1260,51,10,1012,-0.13688
1261,51,11,1255.9,-0.20238
1262,51,12,1539.3,-0.181
1263,51,13,1779.8,-0.25417
1264,51,14,2059.1,-0.29146
1265,51,15,2335.7,-0.29422
1266,51,16,2900.2,-0.4136
1267,51,17,1759.7,-0.40606
1268,51,18,2190.6,-0.29124
1269,51,19,2451.1,-0.24973
1270,51,20,4390.6,-0.33576
1271,51,21,4617.8,-0.25022
1272,51,22,6311.6,-0.33282
1273,51,23,9751.6,-0.24015
1274,51,24,12635,-0.31772
1275,51,25,14000,-0.26327
1276,51,26,19853,-0.060967
1277,51,27,30152,-0.047689
1278,51,28,34349,-0.050683
1279,51,29,42036,-0.057445
1280,51,30,56062,-0.0033432
1281,51,31,62339,-0.0070737
1282,51,32,75164,0.017636
1283,51,33,89381,0.040338
1284,51,34,1.06E+05,0.070213
1285,51,35,1.55E+05,0.11639
1286,51,36,1.55E+05,0.14459
1287,51,37,3.40E+06,0.19354
1288,51,38,2.50E+05,0.070912
1289,51,39,7.53E+06,0.16908
1290,51,40,1.27E+06,0.15686
1291,51,41,1.67E+05,0.045563
1292,51,42,3.29E+05,0.15235
1293,51,43,2.68E+06,-0.07833
1294,51,44,6.64E+05,0.21124
1295,51,45,4.15E+06,0.16363
1296,51,46,2.53E+06,0.18473
1297,51,47,3.45E+06,0.18508
1298,51,48,1.39E+06,0.24672
1299,51,49,2.95E+06,0.16414
1300,51,50,3.12E+05,-0.017268
1301,53,1,192.99,0.40932
1302,53,2,174.31,0.5099
1303,53,3,150.43,0.46898
1304,53,4,149.29,0.35742
1305,53,5,209.84,0.27139
1306,53,6,300.73,0.16995
1307,53,7,597.29,0.28046
1308,53,8,578.61,-0.056096
1309,53,9,793.94,-0.082045
1310,53,10,1022.5,-0.12417
1311,53,11,1396.5,-0.0081612
1312,53,12,1517.1,-0.22112
1313,53,13,1791.3,-0.2849
1314,53,14,2039.5,-0.28546
1315,53,15,2297.8,-0.30087
1316,53,16,2563,-0.33953
1317,53,17,2846.1,-0.35418
1318,53,18,3192.7,-0.35883
1319,53,19,3677.1,-0.35118
1320,53,20,4406.2,-0.33103
1321,53,21,5511.6,-0.30135
1322,53,22,7132.4,-0.26705
1323,53,23,18787,0.0048313
1324,53,24,12416,-0.19945
1325,53,25,16280,-0.16863
1326,53,26,21077,-0.13945
1327,53,27,26902,-0.11135
1328,53,28,33860,-0.083978
1329,53,29,42062,-0.057262
1330,53,30,51615,-0.0313
1331,53,31,1.98E+05,0.14198
1332,53,32,75171,0.017656
1333,53,33,89382,0.040339
1334,53,34,75035,-0.056328
1335,53,35,8.63E+05,-0.20208
1336,53,36,1.43E+05,0.10023
1337,53,37,1.52E+06,-0.16311
1338,53,38,5.38E+05,-0.11412
1339,53,39,7.23E+06,0.16745
1340,53,40,1.20E+07,0.15808
1341,53,41,5.00E+05,0.18276
1342,53,42,4.85E+08,0.12931
1343,53,43,7.01E+06,-0.082781
1344,53,44,1.18E+06,-0.0047223
1345,53,45,5.58E+05,0.2077
1346,53,46,1.11E+06,0.19264
1347,53,47,2.45E+06,0.0089161
1348,53,48,3.05E+06,0.012514
1349,53,49,5.21E+12,0.072848
1350,53,50,1.35E+08,-0.051809
1351,55,1,66.762,0.28648
1352,55,2,59.399,0.36767
1353,55,3,91.905,-0.26458
1354,55,4,7879.2,0.75555
1355,55,5,13523,0.79672
1356,55,6,25169,0.80347
1357,55,7,47025,0.79996
1358,55,8,85561,0.7946
1359,55,9,1.49E+05,0.78593
1360,55,10,2.47E+05,0.76833
1361,55,11,3.94E+05,0.73834
1362,55,12,6.17E+05,0.69785
1363,55,13,9.68E+05,0.65244
1364,55,14,1.54E+06,0.60759
1365,55,15,2.28E+06,0.56605
1366,55,16,3.54E+06,0.52957
1367,55,17,5.50E+06,0.49778
1368,55,18,8.46E+06,0.47
1369,55,19,1.27E+07,0.44548
1370,55,20,1.82E+07,0.42354
1371,55,21,2.48E+07,0.40361
1372,55,22,3.23E+07,0.38527
1373,55,23,4.02E+07,0.36819
1374,55,24,4.83E+07,0.35213
1375,55,25,28558,-0.51405
1376,55,26,38875,-0.47883
1377,55,27,54256,-0.44254
1378,55,28,77339,-0.40604
1379,55,29,1.12E+05,-0.37031
1380,55,30,1.62E+05,-0.33629
1381,55,31,2.33E+05,-0.30458
1382,55,32,3.31E+05,-0.2754
1383,55,33,4.63E+05,-0.24872
1384,55,34,6.37E+05,-0.22435
1385,55,35,8.63E+05,-0.20208
1386,55,36,1.23E+07,0.19153
1387,55,37,1.20E+07,0.18215
1388,55,38,1.19E+07,0.17347
1389,55,39,1.19E+07,0.16545
1390,55,40,1.20E+07,0.15808
1391,55,41,1.21E+07,0.15132
1392,55,42,1.24E+07,0.14513
1393,55,43,1.27E+07,0.13946
1394,55,44,1.30E+07,0.13427
1395,55,45,1.34E+07,0.1295
1396,55,46,1.38E+07,0.1251
1397,55,47,1.43E+07,0.12101
1398,55,48,1.48E+07,0.11718
1399,55,49,1.53E+07,0.11355
1400,55,50,1.59E+07,0.11007
1401,57,1,66.762,0.28648
1402,57,2,59.399,0.36767
1403,57,3,91.905,-0.26458
1404,57,4,7879.2,0.75555
1405,57,5,13523,0.79672
1406,57,6,25169,0.80347
1407,57,7,47025,0.79996
1408,57,8,85561,0.7946
1409,57,9,1.49E+05,0.78593
1410,57,10,2.47E+05,0.76833
1411,57,11,3.94E+05,0.73834
1412,57,12,6.17E+05,0.69785
1413,57,13,9.68E+05,0.65244
1414,57,14,1.54E+06,0.60759
1415,57,15,2.28E+06,0.56605
1416,57,16,3.54E+06,0.52957
1417,57,17,5.50E+06,0.49778
1418,57,18,8.46E+06,0.47
1419,57,19,1.27E+07,0.44548
1420,57,20,1.82E+07,0.42354
1421,57,21,2.48E+07,0.40361
1422,57,22,3.23E+07,0.38527
1423,57,23,4.02E+07,0.36819
1424,57,24,4.83E+07,0.35213
1425,57,25,28558,-0.51405
1426,57,26,38875,-0.47883
1427,57,27,54256,-0.44254
1428,57,28,77339,-0.40604
1429,57,29,1.12E+05,-0.37031
1430,57,30,1.62E+05,-0.33629
1431,57,31,2.33E+05,-0.30458
1432,57,32,3.31E+05,-0.2754
1433,57,33,4.63E+05,-0.24872
1434,57,34,6.37E+05,-0.22435
1435,57,35,8.63E+05,-0.20208
1436,57,36,1.23E+07,0.19153
1437,57,37,1.20E+07,0.18215
1438,57,38,1.19E+07,0.17347
1439,57,39,1.19E+07,0.16545
1440,57,40,1.20E+07,0.15808
1441,57,41,1.21E+07,0.15132
1442,57,42,1.24E+07,0.14513
1443,57,43,1.27E+07,0.13946
1444,57,44,1.30E+07,0.13427
1445,57,45,1.34E+07,0.1295
1446,57,46,1.38E+07,0.1251
1447,57,47,1.43E+07,0.12101
1448,57,48,1.48E+07,0.11718
1449,57,49,1.53E+07,0.11355
1450,57,50,1.59E+07,0.11007
1451,59,1,66.762,0.28648
1452,59,2,59.399,0.36767
1453,59,3,91.905,-0.26458
1454,59,4,7879.2,0.75555
1455,59,5,13523,0.79672
1456,59,6,25169,0.80347
1457,59,7,47025,0.79996
1458,59,8,85561,0.7946
1459,59,9,1.49E+05,0.78593
1460,59,10,2.47E+05,0.76833
1461,59,11,3.94E+05,0.73834
1462,59,12,6.17E+05,0.69785
1463,59,13,9.68E+05,0.65244
1464,59,14,1.54E+06,0.60759
1465,59,15,2.28E+06,0.56605
1466,59,16,3.54E+06,0.52957
1467,59,17,5.50E+06,0.49778
1468,59,18,8.46E+06,0.47
1469,59,19,1.27E+07,0.44548
1470,59,20,1.82E+07,0.42354
1471,59,21,2.48E+07,0.40361
1472,59,22,3.23E+07,0.38527
1473,59,23,4.02E+07,0.36819
1474,59,24,4.83E+07,0.35213
1475,59,25,28558,-0.51405
1476,59,26,38875,-0.47883
1477,59,27,54256,-0.44254
1478,59,28,77339,-0.40604
1479,59,29,1.12E+05,-0.37031
1480,59,30,1.62E+05,-0.33629
1481,59,31,2.33E+05,-0.30458
1482,59,32,3.31E+05,-0.2754
1483,59,33,4.63E+05,-0.24872
1484,59,34,6.37E+05,-0.22435
1485,59,35,8.63E+05,-0.20208
1486,59,36,1.23E+07,0.19153
1487,59,37,1.20E+07,0.18215
1488,59,38,1.19E+07,0.17347
1489,59,39,1.19E+07,0.16545
1490,59,40,1.20E+07,0.15808
1491,59,41,1.21E+07,0.15132
1492,59,42,1.24E+07,0.14513
1493,59,43,1.27E+07,0.13946
1494,59,44,1.30E+07,0.13427
1495,59,45,1.34E+07,0.1295
1496,59,46,1.38E+07,0.1251
1497,59,47,1.43E+07,0.12101
1498,59,48,1.48E+07,0.11718
1499,59,49,1.53E+07,0.11355
1500,59,50,1.59E+07,0.11007
1501,61,1,66.762,0.28648
1502,61,2,59.399,0.36767
1503,61,3,91.905,-0.26458
1504,61,4,7879.2,0.75555
1505,61,5,13523,0.79672
1506,61,6,25169,0.80347
1507,61,7,47025,0.79996
1508,61,8,85561,0.7946
1509,61,9,1.49E+05,0.78593
1510,61,10,2.47E+05,0.76833
1511,61,11,3.94E+05,0.73834
1512,61,12,6.17E+05,0.69785
1513,61,13,9.68E+05,0.65244
1514,61,14,1.54E+06,0.60759
1515,61,15,2.28E+06,0.56605
1516,61,16,3.54E+06,0.52957
1517,61,17,5.50E+06,0.49778
1518,61,18,8.46E+06,0.47
1519,61,19,1.27E+07,0.44548
1520,61,20,1.82E+07,0.42354
1521,61,21,2.48E+07,0.40361
1522,61,22,3.23E+07,0.38527
1523,61,23,4.02E+07,0.36819
1524,61,24,4.83E+07,0.35213
1525,61,25,28558,-0.51405
1526,61,26,38875,-0.47883
1527,61,27,54256,-0.44254
1528,61,28,77339,-0.40604
1529,61,29,1.12E+05,-0.37031
1530,61,30,1.62E+05,-0.33629
1531,61,31,2.33E+05,-0.30458
1532,61,32,3.31E+05,-0.2754
1533,61,33,4.63E+05,-0.24872
1534,61,34,6.37E+05,-0.22435
1535,61,35,8.63E+05,-0.20208
1536,61,36,1.23E+07,0.19153
1537,61,37,1.20E+07,0.18215
1538,61,38,1.19E+07,0.17347
1539,61,39,1.19E+07,0.16545
1540,61,40,1.20E+07,0.15808
1541,61,41,1.21E+07,0.15132
1542,61,42,1.24E+07,0.14513
1543,61,43,1.27E+07,0.13946
1544,61,44,1.30E+07,0.13427
1545,61,45,1.34E+07,0.1295
1546,61,46,1.38E+07,0.1251
1547,61,47,1.43E+07,0.12101
1548,61,48,1.48E+07,0.11718
1549,61,49,1.53E+07,0.11355
1550,61,50,1.59E+07,0.11007
1551,63,1,66.762,0.28648
1552,63,2,59.399,0.36767
1553,63,3,91.905,-0.26458
1554,63,4,7879.2,0.75555
1555,63,5,13523,0.79672
1556,63,6,25169,0.80347
1557,63,7,47025,0.79996
1558,63,8,85561,0.7946
1559,63,9,1.49E+05,0.78593
1560,63,10,2.47E+05,0.76833
1561,63,11,3.94E+05,0.73834
1562,63,12,6.17E+05,0.69785
1563,63,13,9.68E+05,0.65244
1564,63,14,1.54E+06,0.60759
1565,63,15,2.28E+06,0.56605
1566,63,16,3.54E+06,0.52957
1567,63,17,5.50E+06,0.49778
1568,63,18,8.46E+06,0.47
1569,63,19,1.27E+07,0.44548
1570,63,20,1.82E+07,0.42354
1571,63,21,2.48E+07,0.40361
1572,63,22,3.23E+07,0.38527
1573,63,23,4.02E+07,0.36819
1574,63,24,4.83E+07,0.35213
1575,63,25,28558,-0.51405
1576,63,26,38875,-0.47883
1577,63,27,54256,-0.44254
1578,63,28,77339,-0.40604
1579,63,29,1.12E+05,-0.37031
1580,63,30,1.62E+05,-0.33629
1581,63,31,2.33E+05,-0.30458
1582,63,32,3.31E+05,-0.2754
1583,63,33,4.63E+05,-0.24872
1584,63,34,6.37E+05,-0.22435
1585,63,35,8.63E+05,-0.20208
1586,63,36,1.23E+07,0.19153
1587,63,37,1.20E+07,0.18215
1588,63,38,1.19E+07,0.17347
1589,63,39,1.19E+07,0.16545
1590,63,40,1.20E+07,0.15808
1591,63,41,1.21E+07,0.15132
1592,63,42,1.24E+07,0.14513
1593,63,43,1.27E+07,0.13946
1594,63,44,1.30E+07,0.13427
1595,63,45,1.34E+07,0.1295
1596,63,46,1.38E+07,0.1251
1597,63,47,1.43E+07,0.12101
1598,63,48,1.48E+07,0.11718
1599,63,49,1.53E+07,0.11355
1600,63,50,1.59E+07,0.11007
1601,65,1,66.762,0.28648
1602,65,2,59.399,0.36767
1603,65,3,91.905,-0.26458
1604,65,4,7879.2,0.75555
1605,65,5,13523,0.79672
1606,65,6,25169,0.80347
1607,65,7,47025,0.79996
1608,65,8,85561,0.7946
1609,65,9,1.49E+05,0.78593
1610,65,10,2.47E+05,0.76833
1611,65,11,3.94E+05,0.73834
1612,65,12,6.17E+05,0.69785
1613,65,13,9.68E+05,0.65244
1614,65,14,1.54E+06,0.60759
1615,65,15,2.28E+06,0.56605
1616,65,16,3.54E+06,0.52957
1617,65,17,5.50E+06,0.49778
1618,65,18,8.46E+06,0.47
1619,65,19,1.27E+07,0.44548
1620,65,20,1.82E+07,0.42354
1621,65,21,2.48E+07,0.40361
1622,65,22,3.23E+07,0.38527
1623,65,23,4.02E+07,0.36819
1624,65,24,4.83E+07,0.35213
1625,65,25,28558,-0.51405
1626,65,26,38875,-0.47883
1627,65,27,54256,-0.44254
1628,65,28,77339,-0.40604
1629,65,29,1.12E+05,-0.37031
1630,65,30,1.62E+05,-0.33629
1631,65,31,2.33E+05,-0.30458
1632,65,32,3.31E+05,-0.2754
1633,65,33,4.63E+05,-0.24872
1634,65,34,6.37E+05,-0.22435
1635,65,35,8.63E+05,-0.20208
1636,65,36,1.23E+07,0.19153
1637,65,37,1.20E+07,0.18215
1638,65,38,1.19E+07,0.17347
1639,65,39,1.19E+07,0.16545
1640,65,40,1.20E+07,0.15808
1641,65,41,1.21E+07,0.15132
1642,65,42,1.24E+07,0.14513
1643,65,43,1.27E+07,0.13946
1644,65,44,1.30E+07,0.13427
1645,65,45,1.34E+07,0.1295
1646,65,46,1.38E+07,0.1251
1647,65,47,1.43E+07,0.12101
1648,65,48,1.48E+07,0.11718
1649,65,49,1.53E+07,0.11355
1650,65,50,1.59E+07,0.11007
1651,67,1,66.762,0.28648
1652,67,2,59.399,0.36767
1653,67,3,91.905,-0.26458
1654,67,4,7879.2,0.75555
1655,67,5,13523,0.79672
1656,67,6,25169,0.80347
1657,67,7,47025,0.79996
1658,67,8,85561,0.7946
1659,67,9,1.49E+05,0.78593
1660,67,10,2.47E+05,0.76833
1661,67,11,3.94E+05,0.73834
1662,67,12,6.17E+05,0.69785
1663,67,13,9.68E+05,0.65244
1664,67,14,1.54E+06,0.60759
1665,67,15,2.28E+06,0.56605
1666,67,16,3.54E+06,0.52957
1667,67,17,5.50E+06,0.49778
1668,67,18,8.46E+06,0.47
1669,67,19,1.27E+07,0.44548
1670,67,20,1.82E+07,0.42354
1671,67,21,2.48E+07,0.40361
1672,67,22,3.23E+07,0.38527
1673,67,23,4.02E+07,0.36819
1674,67,24,4.83E+07,0.35213
1675,67,25,28558,-0.51405
1676,67,26,38875,-0.47883
1677,67,27,54256,-0.44254
1678,67,28,77339,-0.40604
1679,67,29,1.12E+05,-0.37031
1680,67,30,1.62E+05,-0.33629
1681,67,31,2.33E+05,-0.30458
1682,67,32,3.31E+05,-0.2754
1683,67,33,4.63E+05,-0.24872
1684,67,34,6.37E+05,-0.22435
1685,67,35,8.63E+05,-0.20208
1686,67,36,1.23E+07,0.19153
1687,67,37,1.20E+07,0.18215
1688,67,38,1.19E+07,0.17347
1689,67,39,1.19E+07,0.16545
1690,67,40,1.20E+07,0.15808
1691,67,41,1.21E+07,0.15132
1692,67,42,1.24E+07,0.14513
1693,67,43,1.27E+07,0.13946
1694,67,44,1.30E+07,0.13427
1695,67,45,1.34E+07,0.1295
1696,67,46,1.38E+07,0.1251
1697,67,47,1.43E+07,0.12101
1698,67,48,1.48E+07,0.11718
1699,67,49,1.53E+07,0.11355
1700,67,50,1.59E+07,0.11007
1701,69,1,66.762,0.28648
1702,69,2,59.399,0.36767
1703,69,3,91.905,-0.26458
1704,69,4,7879.2,0.75555
1705,69,5,13523,0.79672
1706,69,6,25169,0.80347
1707,69,7,47025,0.79996
1708,69,8,85561,0.7946
1709,69,9,1.49E+05,0.78593
1710,69,10,2.47E+05,0.76833
1711,69,11,3.94E+05,0.73834
1712,69,12,6.17E+05,0.69785
1713,69,13,9.68E+05,0.65244
1714,69,14,1.54E+06,0.60759
1715,69,15,2.28E+06,0.56605
1716,69,16,3.54E+06,0.52957
1717,69,17,5.50E+06,0.49778
1718,69,18,8.46E+06,0.47
1719,69,19,1.27E+07,0.44548
1720,69,20,1.82E+07,0.42354
1721,69,21,2.48E+07,0.40361
1722,69,22,3.23E+07,0.38527
1723,69,23,4.02E+07,0.36819
1724,69,24,4.83E+07,0.35213
1725,69,25,28558,-0.51405
1726,69,26,38875,-0.47883
1727,69,27,54256,-0.44254
1728,69,28,77339,-0.40604
1729,69,29,1.12E+05,-0.37031
1730,69,30,1.62E+05,-0.33629
1731,69,31,2.33E+05,-0.30458
1732,69,32,3.31E+05,-0.2754
1733,69,33,4.63E+05,-0.24872
1734,69,34,6.37E+05,-0.22435
1735,69,35,8.63E+05,-0.20208
1736,69,36,1.23E+07,0.19153
1737,69,37,1.20E+07,0.18215
1738,69,38,1.19E+07,0.17347
1739,69,39,1.19E+07,0.16545
1740,69,40,1.20E+07,0.15808
1741,69,41,1.21E+07,0.15132
1742,69,42,1.24E+07,0.14513
1743,69,43,1.27E+07,0.13946
1744,69,44,1.30E+07,0.13427
1745,69,45,1.34E+07,0.1295
1746,69,46,1.38E+07,0.1251
1747,69,47,1.43E+07,0.12101
1748,69,48,1.48E+07,0.11718
1749,69,49,1.53E+07,0.11355
1750,69,50,1.59E+07,0.11007
1751,71,1,66.762,0.28648
1752,71,2,59.399,0.36767
1753,71,3,91.905,-0.26458
1754,71,4,7879.2,0.75555
1755,71,5,13523,0.79672
1756,71,6,25169,0.80347
1757,71,7,47025,0.79996
1758,71,8,85561,0.7946
1759,71,9,1.49E+05,0.78593
1760,71,10,2.47E+05,0.76833
1761,71,11,3.94E+05,0.73834
1762,71,12,6.17E+05,0.69785
1763,71,13,9.68E+05,0.65244
1764,71,14,1.54E+06,0.60759
1765,71,15,2.28E+06,0.56605
1766,71,16,3.54E+06,0.52957
1767,71,17,5.50E+06,0.49778
1768,71,18,8.46E+06,0.47
1769,71,19,1.27E+07,0.44548
1770,71,20,1.82E+07,0.42354
1771,71,21,2.48E+07,0.40361
1772,71,22,3.23E+07,0.38527
1773,71,23,4.02E+07,0.36819
1774,71,24,4.83E+07,0.35213
1775,71,25,28558,-0.51405
1776,71,26,38875,-0.47883
1777,71,27,54256,-0.44254
1778,71,28,77339,-0.40604
1779,71,29,1.12E+05,-0.37031
1780,71,30,1.62E+05,-0.33629
1781,71,31,2.33E+05,-0.30458
1782,71,32,3.31E+05,-0.2754
1783,71,33,4.63E+05,-0.24872
1784,71,34,6.37E+05,-0.22435
1785,71,35,8.63E+05,-0.20208
1786,71,36,1.23E+07,0.19153
1787,71,37,1.20E+07,0.18215
1788,71,38,1.19E+07,0.17347
1789,71,39,1.19E+07,0.16545
1790,71,40,1.20E+07,0.15808
1791,71,41,1.21E+07,0.15132
1792,71,42,1.24E+07,0.14513
1793,71,43,1.27E+07,0.13946
1794,71,44,1.30E+07,0.13427
1795,71,45,1.34E+07,0.1295
1796,71,46,1.38E+07,0.1251
1797,71,47,1.43E+07,0.12101
1798,71,48,1.48E+07,0.11718
1799,71,49,1.53E+07,0.11355
1800,71,50,1.59E+07,0.11007
1801,73,1,66.762,0.28648
1802,73,2,59.399,0.36767
1803,73,3,91.905,-0.26458
1804,73,4,7879.2,0.75555
1805,73,5,13523,0.79672
1806,73,6,25169,0.80347
1807,73,7,47025,0.79996
1808,73,8,85561,0.7946
1809,73,9,1.49E+05,0.78593
1810,73,10,2.47E+05,0.76833
1811,73,11,3.94E+05,0.73834
1812,73,12,6.17E+05,0.69785
1813,73,13,9.68E+05,0.65244
1814,73,14,1.54E+06,0.60759
1815,73,15,2.28E+06,0.56605
1816,73,16,3.54E+06,0.52957
1817,73,17,5.50E+06,0.49778
1818,73,18,8.46E+06,0.47
1819,73,19,1.27E+07,0.44548
1820,73,20,1.82E+07,0.42354
